Timestamp,Trend Flags,Status,Value (°C)
26/08/2015 11:44,{ },{ok},98.6 °C
26/08/2015 11:45,{ },{ok},100.5 °C
26/08/2015 11:45,{ },{ok},102.4 °C
26/08/2015 11:45,{ },{ok},103.1 °C
26/08/2015 11:45,{ },{ok},104.3 °C
26/08/2015 11:45,{ },{ok},105.0 °C
26/08/2015 11:45,{ },{ok},105.6 °C
26/08/2015 11:46,{ },{ok},105.6 °C
26/08/2015 11:46,{ },{ok},106.2 °C
26/08/2015 11:46,{ },{ok},106.2 °C
26/08/2015 11:46,{ },{ok},106.9 °C
26/08/2015 11:46,{ },{ok},106.9 °C
26/08/2015 11:46,{ },{ok},107.5 °C
26/08/2015 11:47,{ },{ok},108.2 °C
26/08/2015 11:47,{ },{ok},108.2 °C
26/08/2015 11:47,{ },{ok},108.2 °C
26/08/2015 11:47,{ },{ok},108.2 °C
26/08/2015 11:47,{ },{ok},108.8 °C
26/08/2015 11:47,{ },{ok},108.8 °C
26/08/2015 11:48,{ },{ok},109.4 °C
26/08/2015 11:48,{ },{ok},109.4 °C
26/08/2015 11:48,{ },{ok},109.4 °C
26/08/2015 11:48,{ },{ok},109.4 °C
26/08/2015 11:48,{ },{ok},109.4 °C
26/08/2015 11:48,{ },{ok},109.4 °C
26/08/2015 11:49,{ },{ok},110.1 °C
26/08/2015 11:49,{ },{ok},110.1 °C
26/08/2015 11:49,{ },{ok},110.7 °C
26/08/2015 11:49,{ },{ok},110.1 °C
26/08/2015 11:49,{ },{ok},110.7 °C
26/08/2015 11:49,{ },{ok},110.7 °C
26/08/2015 11:50,{ },{ok},106.9 °C
26/08/2015 11:50,{ },{ok},102.4 °C
26/08/2015 11:50,{ },{ok},99.9 °C
26/08/2015 11:50,{ },{ok},96.1 °C
26/08/2015 11:50,{ },{ok},93.5 °C
26/08/2015 11:50,{ },{ok},90.3 °C
26/08/2015 11:51,{ },{ok},88.4 °C
26/08/2015 11:51,{ },{ok},85.3 °C
26/08/2015 11:51,{ },{ok},83.4 °C
26/08/2015 11:51,{ },{ok},80.8 °C
26/08/2015 11:51,{ },{ok},79.5 °C
26/08/2015 11:51,{ },{ok},77.0 °C
26/08/2015 11:52,{ },{ok},76.4 °C
26/08/2015 11:52,{ },{ok},75.1 °C
26/08/2015 11:52,{ },{ok},73.8 °C
26/08/2015 11:52,{ },{ok},72.5 °C
26/08/2015 11:52,{ },{ok},71.3 °C
26/08/2015 11:52,{ },{ok},70.0 °C
26/08/2015 11:53,{ },{ok},68.7 °C
26/08/2015 11:53,{ },{ok},68.1 °C
26/08/2015 11:53,{ },{ok},66.8 °C
26/08/2015 11:53,{ },{ok},66.2 °C
26/08/2015 11:53,{ },{ok},64.9 °C
26/08/2015 11:53,{ },{ok},64.9 °C
26/08/2015 11:54,{ },{ok},63.6 °C
26/08/2015 11:54,{ },{ok},63.0 °C
26/08/2015 11:54,{ },{ok},62.4 °C
26/08/2015 11:54,{ },{ok},61.7 °C
26/08/2015 11:54,{ },{ok},61.1 °C
26/08/2015 11:54,{ },{ok},60.5 °C
26/08/2015 11:55,{ },{ok},59.8 °C
26/08/2015 11:55,{ },{ok},59.8 °C
26/08/2015 11:55,{ },{ok},59.2 °C
26/08/2015 11:55,{ },{ok},58.6 °C
26/08/2015 11:55,{ },{ok},58.6 °C
26/08/2015 11:55,{ },{ok},57.9 °C
26/08/2015 11:56,{ },{ok},57.3 °C
26/08/2015 11:56,{ },{ok},57.3 °C
26/08/2015 11:56,{ },{ok},56.6 °C
26/08/2015 11:56,{ },{ok},56.6 °C
26/08/2015 11:56,{ },{ok},56.0 °C
26/08/2015 11:56,{ },{ok},56.0 °C
26/08/2015 11:57,{ },{ok},55.4 °C
26/08/2015 11:57,{ },{ok},55.4 °C
26/08/2015 11:57,{ },{ok},54.7 °C
26/08/2015 11:57,{ },{ok},54.7 °C
26/08/2015 11:57,{ },{ok},54.1 °C
26/08/2015 11:57,{ },{ok},54.1 °C
26/08/2015 11:58,{ },{ok},53.5 °C
26/08/2015 11:58,{ },{ok},57.3 °C
26/08/2015 11:58,{ },{ok},76.4 °C
26/08/2015 11:58,{ },{ok},85.9 °C
26/08/2015 11:58,{ },{ok},95.4 °C
26/08/2015 11:58,{ },{ok},98.6 °C
26/08/2015 11:59,{ },{ok},101.2 °C
26/08/2015 11:59,{ },{ok},103.7 °C
26/08/2015 11:59,{ },{ok},100.5 °C
26/08/2015 11:59,{ },{ok},96.7 °C
26/08/2015 11:59,{ },{ok},94.2 °C
26/08/2015 11:59,{ },{ok},89.7 °C
26/08/2015 12:00,{ },{ok},87.2 °C
26/08/2015 12:00,{ },{ok},84.0 °C
26/08/2015 12:00,{ },{ok},81.4 °C
26/08/2015 12:00,{ },{ok},78.9 °C
26/08/2015 12:00,{ },{ok},77.0 °C
26/08/2015 12:00,{ },{ok},73.8 °C
26/08/2015 12:01,{ },{ok},72.5 °C
26/08/2015 12:01,{ },{ok},70.0 °C
26/08/2015 12:01,{ },{ok},68.7 °C
26/08/2015 12:01,{ },{ok},66.8 °C
26/08/2015 12:01,{ },{ok},66.2 °C
26/08/2015 12:01,{ },{ok},64.3 °C
26/08/2015 12:02,{ },{ok},63.6 °C
26/08/2015 12:02,{ },{ok},63.0 °C
26/08/2015 12:02,{ },{ok},71.9 °C
26/08/2015 12:02,{ },{ok},82.1 °C
26/08/2015 12:02,{ },{ok},92.9 °C
26/08/2015 12:02,{ },{ok},97.3 °C
26/08/2015 12:03,{ },{ok},101.8 °C
26/08/2015 12:03,{ },{ok},103.1 °C
26/08/2015 12:03,{ },{ok},105.0 °C
26/08/2015 12:03,{ },{ok},105.6 °C
26/08/2015 12:03,{ },{ok},106.9 °C
26/08/2015 12:03,{ },{ok},106.9 °C
26/08/2015 12:04,{ },{ok},107.5 °C
26/08/2015 12:04,{ },{ok},107.5 °C
26/08/2015 12:04,{ },{ok},108.2 °C
26/08/2015 12:04,{ },{ok},108.2 °C
26/08/2015 12:04,{ },{ok},108.8 °C
26/08/2015 12:04,{ },{ok},108.8 °C
26/08/2015 12:05,{ },{ok},108.8 °C
26/08/2015 12:05,{ },{ok},109.4 °C
26/08/2015 12:05,{ },{ok},109.4 °C
26/08/2015 12:05,{ },{ok},110.1 °C
26/08/2015 12:05,{ },{ok},110.1 °C
26/08/2015 12:05,{ },{ok},110.1 °C
26/08/2015 12:06,{ },{ok},107.5 °C
26/08/2015 12:06,{ },{ok},102.4 °C
26/08/2015 12:06,{ },{ok},99.9 °C
26/08/2015 12:06,{ },{ok},96.1 °C
26/08/2015 12:06,{ },{ok},93.5 °C
26/08/2015 12:06,{ },{ok},89.7 °C
26/08/2015 12:07,{ },{ok},87.8 °C
26/08/2015 12:07,{ },{ok},84.6 °C
26/08/2015 12:07,{ },{ok},82.7 °C
26/08/2015 12:07,{ },{ok},80.2 °C
26/08/2015 12:07,{ },{ok},78.9 °C
26/08/2015 12:07,{ },{ok},76.4 °C
26/08/2015 12:08,{ },{ok},75.1 °C
26/08/2015 12:08,{ },{ok},73.8 °C
26/08/2015 12:08,{ },{ok},71.9 °C
26/08/2015 12:08,{ },{ok},71.3 °C
26/08/2015 12:08,{ },{ok},69.4 °C
26/08/2015 12:08,{ },{ok},68.7 °C
26/08/2015 12:09,{ },{ok},67.5 °C
26/08/2015 12:09,{ },{ok},66.8 °C
26/08/2015 12:09,{ },{ok},65.5 °C
26/08/2015 12:09,{ },{ok},64.9 °C
26/08/2015 12:09,{ },{ok},63.6 °C
26/08/2015 12:09,{ },{ok},63.0 °C
26/08/2015 12:10,{ },{ok},62.4 °C
26/08/2015 12:10,{ },{ok},61.7 °C
26/08/2015 12:10,{ },{ok},61.1 °C
26/08/2015 12:10,{ },{ok},60.5 °C
26/08/2015 12:10,{ },{ok},59.8 °C
26/08/2015 12:10,{ },{ok},59.2 °C
26/08/2015 12:11,{ },{ok},58.6 °C
26/08/2015 12:11,{ },{ok},58.6 °C
26/08/2015 12:11,{ },{ok},57.9 °C
26/08/2015 12:11,{ },{ok},57.9 °C
26/08/2015 12:11,{ },{ok},57.3 °C
26/08/2015 12:11,{ },{ok},56.6 °C
26/08/2015 12:12,{ },{ok},56.0 °C
26/08/2015 12:12,{ },{ok},56.0 °C
26/08/2015 12:12,{ },{ok},55.4 °C
26/08/2015 12:12,{ },{ok},55.4 °C
26/08/2015 12:12,{ },{ok},54.7 °C
26/08/2015 12:12,{ },{ok},54.7 °C
26/08/2015 12:13,{ },{ok},56.0 °C
26/08/2015 12:13,{ },{ok},62.4 °C
26/08/2015 12:13,{ },{ok},75.1 °C
26/08/2015 12:13,{ },{ok},88.4 °C
26/08/2015 12:13,{ },{ok},94.8 °C
26/08/2015 12:13,{ },{ok},98.0 °C
26/08/2015 12:14,{ },{ok},95.4 °C
26/08/2015 12:14,{ },{ok},91.6 °C
26/08/2015 12:14,{ },{ok},89.1 °C
26/08/2015 12:14,{ },{ok},85.3 °C
26/08/2015 12:14,{ },{ok},83.4 °C
26/08/2015 12:14,{ },{ok},80.2 °C
26/08/2015 12:15,{ },{ok},78.3 °C
26/08/2015 12:15,{ },{ok},75.1 °C
26/08/2015 12:15,{ },{ok},73.8 °C
26/08/2015 12:15,{ },{ok},71.3 °C
26/08/2015 12:15,{ },{ok},69.4 °C
26/08/2015 12:15,{ },{ok},67.5 °C
26/08/2015 12:16,{ },{ok},66.2 °C
26/08/2015 12:16,{ },{ok},64.3 °C
26/08/2015 12:16,{ },{ok},67.5 °C
26/08/2015 12:16,{ },{ok},82.7 °C
26/08/2015 12:16,{ },{ok},90.3 °C
26/08/2015 12:16,{ },{ok},95.4 °C
26/08/2015 12:17,{ },{ok},100.5 °C
26/08/2015 12:17,{ },{ok},102.4 °C
26/08/2015 12:17,{ },{ok},104.3 °C
26/08/2015 12:17,{ },{ok},105.6 °C
26/08/2015 12:17,{ },{ok},106.2 °C
26/08/2015 12:17,{ },{ok},106.9 °C
26/08/2015 12:18,{ },{ok},107.5 °C
26/08/2015 12:18,{ },{ok},107.5 °C
26/08/2015 12:18,{ },{ok},108.2 °C
26/08/2015 12:18,{ },{ok},108.2 °C
26/08/2015 12:18,{ },{ok},108.8 °C
26/08/2015 12:18,{ },{ok},109.4 °C
26/08/2015 12:19,{ },{ok},109.4 °C
26/08/2015 12:19,{ },{ok},109.4 °C
26/08/2015 12:19,{ },{ok},109.4 °C
26/08/2015 12:19,{ },{ok},110.1 °C
26/08/2015 12:19,{ },{ok},110.1 °C
26/08/2015 12:19,{ },{ok},107.5 °C
26/08/2015 12:20,{ },{ok},104.3 °C
26/08/2015 12:20,{ },{ok},99.9 °C
26/08/2015 12:20,{ },{ok},97.3 °C
26/08/2015 12:20,{ },{ok},94.2 °C
26/08/2015 12:20,{ },{ok},91.6 °C
26/08/2015 12:20,{ },{ok},88.4 °C
26/08/2015 12:21,{ },{ok},85.9 °C
26/08/2015 12:21,{ },{ok},83.4 °C
26/08/2015 12:21,{ },{ok},81.4 °C
26/08/2015 12:21,{ },{ok},78.9 °C
26/08/2015 12:21,{ },{ok},77.0 °C
26/08/2015 12:21,{ },{ok},75.7 °C
26/08/2015 12:22,{ },{ok},73.8 °C
26/08/2015 12:22,{ },{ok},72.5 °C
26/08/2015 12:22,{ },{ok},71.3 °C
26/08/2015 12:22,{ },{ok},69.4 °C
26/08/2015 12:22,{ },{ok},68.7 °C
26/08/2015 12:22,{ },{ok},67.5 °C
26/08/2015 12:23,{ },{ok},66.8 °C
26/08/2015 12:23,{ },{ok},65.5 °C
26/08/2015 12:23,{ },{ok},64.9 °C
26/08/2015 12:23,{ },{ok},63.6 °C
26/08/2015 12:23,{ },{ok},63.0 °C
26/08/2015 12:23,{ },{ok},62.4 °C
26/08/2015 12:24,{ },{ok},61.7 °C
26/08/2015 12:24,{ },{ok},61.1 °C
26/08/2015 12:24,{ },{ok},60.5 °C
26/08/2015 12:24,{ },{ok},59.8 °C
26/08/2015 12:24,{ },{ok},59.8 °C
26/08/2015 12:24,{ },{ok},59.2 °C
26/08/2015 12:25,{ },{ok},58.6 °C
26/08/2015 12:25,{ },{ok},58.6 °C
26/08/2015 12:25,{ },{ok},57.9 °C
26/08/2015 12:25,{ },{ok},57.9 °C
26/08/2015 12:25,{ },{ok},57.3 °C
26/08/2015 12:25,{ },{ok},56.6 °C
26/08/2015 12:26,{ },{ok},56.0 °C
26/08/2015 12:26,{ },{ok},56.0 °C
26/08/2015 12:26,{ },{ok},56.0 °C
26/08/2015 12:26,{ },{ok},55.4 °C
26/08/2015 12:26,{ },{ok},54.7 °C
26/08/2015 12:26,{ },{ok},54.7 °C
26/08/2015 12:27,{ },{ok},54.7 °C
26/08/2015 12:27,{ },{ok},54.1 °C
26/08/2015 12:27,{ },{ok},54.1 °C
26/08/2015 12:27,{ },{ok},53.5 °C
26/08/2015 12:27,{ },{ok},53.5 °C
26/08/2015 12:27,{ },{ok},52.8 °C
26/08/2015 12:28,{ },{ok},52.8 °C
26/08/2015 12:28,{ },{ok},52.8 °C
26/08/2015 12:28,{ },{ok},52.8 °C
26/08/2015 12:28,{ },{ok},52.2 °C
26/08/2015 12:28,{ },{ok},51.6 °C
26/08/2015 12:28,{ },{ok},61.7 °C
26/08/2015 12:29,{ },{ok},80.2 °C
26/08/2015 12:29,{ },{ok},88.4 °C
26/08/2015 12:29,{ },{ok},96.7 °C
26/08/2015 12:29,{ },{ok},96.7 °C
26/08/2015 12:29,{ },{ok},92.9 °C
26/08/2015 12:29,{ },{ok},90.3 °C
26/08/2015 12:30,{ },{ok},87.2 °C
26/08/2015 12:30,{ },{ok},84.6 °C
26/08/2015 12:30,{ },{ok},81.4 °C
26/08/2015 12:30,{ },{ok},80.2 °C
26/08/2015 12:30,{ },{ok},89.7 °C
26/08/2015 12:30,{ },{ok},94.8 °C
26/08/2015 12:31,{ },{ok},98.6 °C
26/08/2015 12:31,{ },{ok},102.4 °C
26/08/2015 12:31,{ },{ok},103.7 °C
26/08/2015 12:31,{ },{ok},105.6 °C
26/08/2015 12:31,{ },{ok},106.2 °C
26/08/2015 12:31,{ },{ok},106.9 °C
26/08/2015 12:32,{ },{ok},107.5 °C
26/08/2015 12:32,{ },{ok},108.2 °C
26/08/2015 12:32,{ },{ok},108.2 °C
26/08/2015 12:32,{ },{ok},108.8 °C
26/08/2015 12:32,{ },{ok},108.8 °C
26/08/2015 12:32,{ },{ok},109.4 °C
26/08/2015 12:33,{ },{ok},109.4 °C
26/08/2015 12:33,{ },{ok},109.4 °C
26/08/2015 12:33,{ },{ok},110.1 °C
26/08/2015 12:33,{ },{ok},110.1 °C
26/08/2015 12:33,{ },{ok},110.1 °C
26/08/2015 12:33,{ },{ok},110.7 °C
26/08/2015 12:34,{ },{ok},110.7 °C
26/08/2015 12:34,{ },{ok},110.7 °C
26/08/2015 12:34,{ },{ok},110.7 °C
26/08/2015 12:34,{ },{ok},111.3 °C
26/08/2015 12:34,{ },{ok},111.3 °C
26/08/2015 12:34,{ },{ok},111.3 °C
26/08/2015 12:35,{ },{ok},111.3 °C
26/08/2015 12:35,{ },{ok},112.0 °C
26/08/2015 12:35,{ },{ok},108.2 °C
26/08/2015 12:35,{ },{ok},103.7 °C
26/08/2015 12:35,{ },{ok},101.2 °C
26/08/2015 12:35,{ },{ok},97.3 °C
26/08/2015 12:36,{ },{ok},94.8 °C
26/08/2015 12:36,{ },{ok},91.6 °C
26/08/2015 12:36,{ },{ok},89.7 °C
26/08/2015 12:36,{ },{ok},86.5 °C
26/08/2015 12:36,{ },{ok},84.6 °C
26/08/2015 12:36,{ },{ok},82.1 °C
26/08/2015 12:37,{ },{ok},80.2 °C
26/08/2015 12:37,{ },{ok},78.3 °C
26/08/2015 12:37,{ },{ok},77.0 °C
26/08/2015 12:37,{ },{ok},75.1 °C
26/08/2015 12:37,{ },{ok},73.8 °C
26/08/2015 12:37,{ },{ok},72.5 °C
26/08/2015 12:38,{ },{ok},71.3 °C
26/08/2015 12:38,{ },{ok},70.0 °C
26/08/2015 12:38,{ },{ok},68.7 °C
26/08/2015 12:38,{ },{ok},68.1 °C
26/08/2015 12:38,{ },{ok},67.5 °C
26/08/2015 12:38,{ },{ok},66.2 °C
26/08/2015 12:39,{ },{ok},65.5 °C
26/08/2015 12:39,{ },{ok},64.3 °C
26/08/2015 12:39,{ },{ok},64.3 °C
26/08/2015 12:39,{ },{ok},63.0 °C
26/08/2015 12:39,{ },{ok},63.0 °C
26/08/2015 12:39,{ },{ok},62.4 °C
26/08/2015 12:40,{ },{ok},61.7 °C
26/08/2015 12:40,{ },{ok},64.9 °C
26/08/2015 12:40,{ },{ok},77.0 °C
26/08/2015 12:40,{ },{ok},87.8 °C
26/08/2015 12:40,{ },{ok},97.3 °C
26/08/2015 12:40,{ },{ok},101.2 °C
26/08/2015 12:41,{ },{ok},103.7 °C
26/08/2015 12:41,{ },{ok},105.6 °C
26/08/2015 12:41,{ },{ok},106.9 °C
26/08/2015 12:41,{ },{ok},108.2 °C
26/08/2015 12:41,{ },{ok},108.8 °C
26/08/2015 12:41,{ },{ok},108.8 °C
26/08/2015 12:42,{ },{ok},109.4 °C
26/08/2015 12:42,{ },{ok},110.1 °C
26/08/2015 12:42,{ },{ok},110.1 °C
26/08/2015 12:42,{ },{ok},110.1 °C
26/08/2015 12:42,{ },{ok},110.1 °C
26/08/2015 12:42,{ },{ok},110.7 °C
26/08/2015 12:43,{ },{ok},110.7 °C
26/08/2015 12:43,{ },{ok},111.3 °C
26/08/2015 12:43,{ },{ok},111.3 °C
26/08/2015 12:43,{ },{ok},111.3 °C
26/08/2015 12:43,{ },{ok},112.0 °C
26/08/2015 12:43,{ },{ok},112.0 °C
26/08/2015 12:44,{ },{ok},112.0 °C
26/08/2015 12:44,{ },{ok},112.0 °C
26/08/2015 12:44,{ },{ok},112.0 °C
26/08/2015 12:44,{ },{ok},112.0 °C
26/08/2015 12:44,{ },{ok},112.0 °C
26/08/2015 12:44,{ },{ok},112.6 °C
26/08/2015 12:45,{ },{ok},112.6 °C
26/08/2015 12:45,{ },{ok},112.6 °C
26/08/2015 12:45,{ },{ok},112.6 °C
26/08/2015 12:45,{ },{ok},112.6 °C
26/08/2015 12:45,{ },{ok},112.6 °C
26/08/2015 12:45,{ },{ok},112.6 °C
26/08/2015 12:46,{ },{ok},113.2 °C
26/08/2015 12:46,{ },{ok},113.2 °C
26/08/2015 12:46,{ },{ok},113.9 °C
26/08/2015 12:46,{ },{ok},118.3 °C
26/08/2015 12:46,{ },{ok},128.5 °C
26/08/2015 12:46,{ },{ok},127.2 °C
26/08/2015 12:47,{ },{ok},124.0 °C
26/08/2015 12:47,{ },{ok},122.1 °C
26/08/2015 12:47,{ },{ok},119.6 °C
26/08/2015 12:47,{ },{ok},118.3 °C
26/08/2015 12:47,{ },{ok},124.0 °C
26/08/2015 12:47,{ },{ok},131.0 °C
26/08/2015 12:48,{ },{ok},129.1 °C
26/08/2015 12:48,{ },{ok},126.6 °C
26/08/2015 12:48,{ },{ok},123.4 °C
26/08/2015 12:48,{ },{ok},122.1 °C
26/08/2015 12:48,{ },{ok},120.9 °C
26/08/2015 12:48,{ },{ok},119.6 °C
26/08/2015 12:49,{ },{ok},127.9 °C
26/08/2015 12:49,{ },{ok},132.3 °C
26/08/2015 12:49,{ },{ok},129.8 °C
26/08/2015 12:49,{ },{ok},127.2 °C
26/08/2015 12:49,{ },{ok},124.7 °C
26/08/2015 12:49,{ },{ok},122.8 °C
26/08/2015 12:50,{ },{ok},121.5 °C
26/08/2015 12:50,{ },{ok},120.9 °C
26/08/2015 12:50,{ },{ok},123.4 °C
26/08/2015 12:50,{ },{ok},132.9 °C
26/08/2015 12:50,{ },{ok},132.3 °C
26/08/2015 12:50,{ },{ok},128.5 °C
26/08/2015 12:51,{ },{ok},124.7 °C
26/08/2015 12:51,{ },{ok},119.0 °C
26/08/2015 12:51,{ },{ok},116.4 °C
26/08/2015 12:51,{ },{ok},113.2 °C
26/08/2015 12:51,{ },{ok},111.3 °C
26/08/2015 12:51,{ },{ok},108.2 °C
26/08/2015 12:52,{ },{ok},106.2 °C
26/08/2015 12:52,{ },{ok},103.7 °C
26/08/2015 12:52,{ },{ok},101.8 °C
26/08/2015 12:52,{ },{ok},99.2 °C
26/08/2015 12:52,{ },{ok},98.0 °C
26/08/2015 12:52,{ },{ok},95.4 °C
26/08/2015 12:53,{ },{ok},94.2 °C
26/08/2015 12:53,{ },{ok},92.3 °C
26/08/2015 12:53,{ },{ok},91.0 °C
26/08/2015 12:53,{ },{ok},89.7 °C
26/08/2015 12:53,{ },{ok},89.1 °C
26/08/2015 12:53,{ },{ok},87.2 °C
26/08/2015 12:54,{ },{ok},86.5 °C
26/08/2015 12:54,{ },{ok},85.3 °C
26/08/2015 12:54,{ },{ok},84.0 °C
26/08/2015 12:54,{ },{ok},83.4 °C
26/08/2015 12:54,{ },{ok},82.7 °C
26/08/2015 12:54,{ },{ok},82.1 °C
26/08/2015 12:55,{ },{ok},80.8 °C
26/08/2015 12:55,{ },{ok},80.8 °C
26/08/2015 12:55,{ },{ok},79.5 °C
26/08/2015 12:55,{ },{ok},78.9 °C
26/08/2015 12:55,{ },{ok},78.3 °C
26/08/2015 12:55,{ },{ok},77.6 °C
26/08/2015 12:56,{ },{ok},77.0 °C
26/08/2015 12:56,{ },{ok},76.4 °C
26/08/2015 12:56,{ },{ok},75.7 °C
26/08/2015 12:56,{ },{ok},75.7 °C
26/08/2015 12:56,{ },{ok},75.1 °C
26/08/2015 12:56,{ },{ok},74.5 °C
26/08/2015 12:57,{ },{ok},73.8 °C
26/08/2015 12:57,{ },{ok},73.2 °C
26/08/2015 12:57,{ },{ok},73.2 °C
26/08/2015 12:57,{ },{ok},72.5 °C
26/08/2015 12:57,{ },{ok},71.9 °C
26/08/2015 12:57,{ },{ok},71.9 °C
26/08/2015 12:58,{ },{ok},71.3 °C
26/08/2015 12:58,{ },{ok},70.6 °C
26/08/2015 12:58,{ },{ok},70.0 °C
26/08/2015 12:58,{ },{ok},70.0 °C
26/08/2015 12:58,{ },{ok},69.4 °C
26/08/2015 12:58,{ },{ok},68.7 °C
26/08/2015 12:59,{ },{ok},68.7 °C
26/08/2015 12:59,{ },{ok},68.1 °C
26/08/2015 12:59,{ },{ok},68.1 °C
26/08/2015 12:59,{ },{ok},67.5 °C
26/08/2015 12:59,{ },{ok},66.8 °C
26/08/2015 12:59,{ },{ok},66.8 °C
26/08/2015 13:00,{ },{ok},66.2 °C
26/08/2015 13:00,{ },{ok},66.2 °C
26/08/2015 13:00,{ },{ok},65.5 °C
26/08/2015 13:00,{ },{ok},64.9 °C
26/08/2015 13:00,{ },{ok},64.9 °C
26/08/2015 13:00,{ },{ok},64.3 °C
26/08/2015 13:01,{ },{ok},64.3 °C
26/08/2015 13:01,{ },{ok},63.6 °C
26/08/2015 13:01,{ },{ok},74.5 °C
26/08/2015 13:01,{ },{ok},90.3 °C
26/08/2015 13:01,{ },{ok},96.7 °C
26/08/2015 13:01,{ },{ok},103.1 °C
26/08/2015 13:02,{ },{ok},105.6 °C
26/08/2015 13:02,{ },{ok},108.2 °C
26/08/2015 13:02,{ },{ok},109.4 °C
26/08/2015 13:02,{ },{ok},110.1 °C
26/08/2015 13:02,{ },{ok},110.1 °C
26/08/2015 13:02,{ },{ok},111.3 °C
26/08/2015 13:03,{ },{ok},111.3 °C
26/08/2015 13:03,{ },{ok},111.3 °C
26/08/2015 13:03,{ },{ok},112.0 °C
26/08/2015 13:03,{ },{ok},112.0 °C
26/08/2015 13:03,{ },{ok},112.6 °C
26/08/2015 13:03,{ },{ok},112.6 °C
26/08/2015 13:04,{ },{ok},112.6 °C
26/08/2015 13:04,{ },{ok},113.2 °C
26/08/2015 13:04,{ },{ok},113.2 °C
26/08/2015 13:04,{ },{ok},113.2 °C
26/08/2015 13:04,{ },{ok},113.2 °C
26/08/2015 13:04,{ },{ok},113.9 °C
26/08/2015 13:05,{ },{ok},113.9 °C
26/08/2015 13:05,{ },{ok},113.9 °C
26/08/2015 13:05,{ },{ok},113.9 °C
26/08/2015 13:05,{ },{ok},113.9 °C
26/08/2015 13:05,{ },{ok},113.9 °C
26/08/2015 13:05,{ },{ok},113.9 °C
26/08/2015 13:06,{ },{ok},113.9 °C
26/08/2015 13:06,{ },{ok},113.9 °C
26/08/2015 13:06,{ },{ok},113.9 °C
26/08/2015 13:06,{ },{ok},114.5 °C
26/08/2015 13:06,{ },{ok},114.5 °C
26/08/2015 13:06,{ },{ok},114.5 °C
26/08/2015 13:07,{ },{ok},114.5 °C
26/08/2015 13:07,{ },{ok},114.5 °C
26/08/2015 13:07,{ },{ok},114.5 °C
26/08/2015 13:07,{ },{ok},114.5 °C
26/08/2015 13:07,{ },{ok},114.5 °C
26/08/2015 13:07,{ },{ok},111.3 °C
26/08/2015 13:08,{ },{ok},106.9 °C
26/08/2015 13:08,{ },{ok},104.3 °C
26/08/2015 13:08,{ },{ok},100.5 °C
26/08/2015 13:08,{ },{ok},98.0 °C
26/08/2015 13:08,{ },{ok},94.8 °C
26/08/2015 13:08,{ },{ok},92.3 °C
26/08/2015 13:09,{ },{ok},89.7 °C
26/08/2015 13:09,{ },{ok},87.8 °C
26/08/2015 13:09,{ },{ok},85.3 °C
26/08/2015 13:09,{ },{ok},83.4 °C
26/08/2015 13:09,{ },{ok},80.8 °C
26/08/2015 13:09,{ },{ok},80.2 °C
26/08/2015 13:10,{ },{ok},77.6 °C
26/08/2015 13:10,{ },{ok},77.0 °C
26/08/2015 13:10,{ },{ok},75.1 °C
26/08/2015 13:10,{ },{ok},74.5 °C
26/08/2015 13:10,{ },{ok},73.2 °C
26/08/2015 13:10,{ },{ok},72.5 °C
26/08/2015 13:11,{ },{ok},71.3 °C
26/08/2015 13:11,{ },{ok},70.6 °C
26/08/2015 13:11,{ },{ok},70.0 °C
26/08/2015 13:11,{ },{ok},68.7 °C
26/08/2015 13:11,{ },{ok},68.7 °C
26/08/2015 13:11,{ },{ok},67.5 °C
26/08/2015 13:12,{ },{ok},66.8 °C
26/08/2015 13:12,{ },{ok},66.2 °C
26/08/2015 13:12,{ },{ok},65.5 °C
26/08/2015 13:12,{ },{ok},64.9 °C
26/08/2015 13:12,{ },{ok},64.3 °C
26/08/2015 13:12,{ },{ok},63.6 °C
26/08/2015 13:13,{ },{ok},63.6 °C
26/08/2015 13:13,{ },{ok},63.0 °C
26/08/2015 13:13,{ },{ok},62.4 °C
26/08/2015 13:13,{ },{ok},61.7 °C
26/08/2015 13:13,{ },{ok},61.1 °C
26/08/2015 13:13,{ },{ok},61.1 °C
26/08/2015 13:14,{ },{ok},60.5 °C
26/08/2015 13:14,{ },{ok},60.5 °C
26/08/2015 13:14,{ },{ok},59.8 °C
26/08/2015 13:14,{ },{ok},59.8 °C
26/08/2015 13:14,{ },{ok},59.2 °C
26/08/2015 13:14,{ },{ok},58.6 °C
26/08/2015 13:15,{ },{ok},58.6 °C
26/08/2015 13:15,{ },{ok},57.9 °C
26/08/2015 13:15,{ },{ok},57.9 °C
26/08/2015 13:15,{ },{ok},57.3 °C
26/08/2015 13:15,{ },{ok},57.3 °C
26/08/2015 13:15,{ },{ok},56.6 °C
26/08/2015 13:16,{ },{ok},56.6 °C
26/08/2015 13:16,{ },{ok},56.0 °C
26/08/2015 13:16,{ },{ok},56.0 °C
26/08/2015 13:16,{ },{ok},56.0 °C
26/08/2015 13:16,{ },{ok},55.4 °C
26/08/2015 13:16,{ },{ok},55.4 °C
26/08/2015 13:17,{ },{ok},54.7 °C
26/08/2015 13:17,{ },{ok},54.7 °C
26/08/2015 13:17,{ },{ok},54.1 °C
26/08/2015 13:17,{ },{ok},60.5 °C
26/08/2015 13:17,{ },{ok},80.2 °C
26/08/2015 13:17,{ },{ok},89.1 °C
26/08/2015 13:18,{ },{ok},95.4 °C
26/08/2015 13:18,{ },{ok},101.8 °C
26/08/2015 13:18,{ },{ok},103.7 °C
26/08/2015 13:18,{ },{ok},99.2 °C
26/08/2015 13:18,{ },{ok},96.1 °C
26/08/2015 13:18,{ },{ok},92.3 °C
26/08/2015 13:19,{ },{ok},90.3 °C
26/08/2015 13:19,{ },{ok},86.5 °C
26/08/2015 13:19,{ },{ok},84.0 °C
26/08/2015 13:19,{ },{ok},81.4 °C
26/08/2015 13:19,{ },{ok},79.5 °C
26/08/2015 13:19,{ },{ok},76.4 °C
26/08/2015 13:20,{ },{ok},74.5 °C
26/08/2015 13:20,{ },{ok},72.5 °C
26/08/2015 13:20,{ },{ok},71.3 °C
26/08/2015 13:20,{ },{ok},68.7 °C
26/08/2015 13:20,{ },{ok},67.5 °C
26/08/2015 13:20,{ },{ok},66.2 °C
26/08/2015 13:21,{ },{ok},64.9 °C
26/08/2015 13:21,{ },{ok},63.6 °C
26/08/2015 13:21,{ },{ok},63.0 °C
26/08/2015 13:21,{ },{ok},61.1 °C
26/08/2015 13:21,{ },{ok},61.1 °C
26/08/2015 13:21,{ },{ok},59.8 °C
26/08/2015 13:22,{ },{ok},59.2 °C
26/08/2015 13:22,{ },{ok},57.9 °C
26/08/2015 13:22,{ },{ok},57.9 °C
26/08/2015 13:22,{ },{ok},56.6 °C
26/08/2015 13:22,{ },{ok},56.0 °C
26/08/2015 13:22,{ },{ok},56.0 °C
26/08/2015 13:23,{ },{ok},54.7 °C
26/08/2015 13:23,{ },{ok},54.7 °C
26/08/2015 13:23,{ },{ok},54.1 °C
26/08/2015 13:23,{ },{ok},53.5 °C
26/08/2015 13:23,{ },{ok},53.5 °C
26/08/2015 13:23,{ },{ok},52.8 °C
26/08/2015 13:24,{ },{ok},52.2 °C
26/08/2015 13:24,{ },{ok},52.2 °C
26/08/2015 13:24,{ },{ok},51.6 °C
26/08/2015 13:24,{ },{ok},51.6 °C
26/08/2015 13:24,{ },{ok},50.9 °C
26/08/2015 13:24,{ },{ok},50.9 °C
26/08/2015 13:25,{ },{ok},50.3 °C
26/08/2015 13:25,{ },{ok},50.3 °C
26/08/2015 13:25,{ },{ok},49.7 °C
26/08/2015 13:25,{ },{ok},49.7 °C
26/08/2015 13:25,{ },{ok},49.7 °C
26/08/2015 13:25,{ },{ok},49.0 °C
26/08/2015 13:26,{ },{ok},48.4 °C
26/08/2015 13:26,{ },{ok},48.4 °C
26/08/2015 13:26,{ },{ok},48.4 °C
26/08/2015 13:26,{ },{ok},47.7 °C
26/08/2015 13:26,{ },{ok},47.7 °C
26/08/2015 13:26,{ },{ok},47.1 °C
26/08/2015 13:27,{ },{ok},47.1 °C
26/08/2015 13:27,{ },{ok},47.1 °C
26/08/2015 13:27,{ },{ok},47.1 °C
26/08/2015 13:27,{ },{ok},46.5 °C
26/08/2015 13:27,{ },{ok},46.5 °C
26/08/2015 13:27,{ },{ok},46.5 °C
26/08/2015 13:28,{ },{ok},45.8 °C
26/08/2015 13:28,{ },{ok},45.8 °C
26/08/2015 13:28,{ },{ok},45.8 °C
26/08/2015 13:28,{ },{ok},45.2 °C
26/08/2015 13:28,{ },{ok},45.2 °C
26/08/2015 13:28,{ },{ok},45.2 °C
26/08/2015 13:29,{ },{ok},45.2 °C
26/08/2015 13:29,{ },{ok},44.6 °C
26/08/2015 13:29,{ },{ok},44.6 °C
26/08/2015 13:29,{ },{ok},44.6 °C
26/08/2015 13:29,{ },{ok},43.9 °C
26/08/2015 13:29,{ },{ok},43.9 °C
26/08/2015 13:30,{ },{ok},43.9 °C
26/08/2015 13:30,{ },{ok},43.9 °C
26/08/2015 13:30,{ },{ok},43.3 °C
26/08/2015 13:30,{ },{ok},43.3 °C
26/08/2015 13:30,{ },{ok},43.3 °C
26/08/2015 13:30,{ },{ok},43.3 °C
26/08/2015 13:31,{ },{ok},42.7 °C
26/08/2015 13:31,{ },{ok},42.7 °C
26/08/2015 13:31,{ },{ok},42.7 °C
26/08/2015 13:31,{ },{ok},42.7 °C
26/08/2015 13:31,{ },{ok},42.7 °C
26/08/2015 13:31,{ },{ok},42.0 °C
26/08/2015 13:32,{ },{ok},42.0 °C
26/08/2015 13:32,{ },{ok},42.0 °C
26/08/2015 13:32,{ },{ok},41.4 °C
26/08/2015 13:32,{ },{ok},41.4 °C
26/08/2015 13:32,{ },{ok},41.4 °C
26/08/2015 13:32,{ },{ok},41.4 °C
26/08/2015 13:33,{ },{ok},41.4 °C
26/08/2015 13:33,{ },{ok},40.8 °C
26/08/2015 13:33,{ },{ok},40.8 °C
26/08/2015 13:33,{ },{ok},40.8 °C
26/08/2015 13:33,{ },{ok},40.8 °C
26/08/2015 13:33,{ },{ok},40.8 °C
26/08/2015 13:34,{ },{ok},40.8 °C
26/08/2015 13:34,{ },{ok},40.1 °C
26/08/2015 13:34,{ },{ok},40.1 °C
26/08/2015 13:34,{ },{ok},40.1 °C
26/08/2015 13:34,{ },{ok},40.1 °C
26/08/2015 13:34,{ },{ok},39.5 °C
26/08/2015 13:35,{ },{ok},39.5 °C
26/08/2015 13:35,{ },{ok},39.5 °C
26/08/2015 13:35,{ },{ok},39.5 °C
26/08/2015 13:35,{ },{ok},39.5 °C
26/08/2015 13:35,{ },{ok},38.8 °C
26/08/2015 13:35,{ },{ok},39.5 °C
26/08/2015 13:36,{ },{ok},38.8 °C
26/08/2015 13:36,{ },{ok},38.8 °C
26/08/2015 13:36,{ },{ok},38.8 °C
26/08/2015 13:36,{ },{ok},38.8 °C
26/08/2015 13:36,{ },{ok},38.8 °C
26/08/2015 13:36,{ },{ok},38.2 °C
26/08/2015 13:37,{ },{ok},38.2 °C
26/08/2015 13:37,{ },{ok},38.2 °C
26/08/2015 13:37,{ },{ok},38.2 °C
26/08/2015 13:37,{ },{ok},37.6 °C
26/08/2015 13:37,{ },{ok},38.2 °C
26/08/2015 13:37,{ },{ok},37.6 °C
26/08/2015 13:38,{ },{ok},37.6 °C
26/08/2015 13:38,{ },{ok},37.6 °C
26/08/2015 13:38,{ },{ok},37.6 °C
26/08/2015 13:38,{ },{ok},37.6 °C
26/08/2015 13:38,{ },{ok},37.6 °C
26/08/2015 13:38,{ },{ok},37.6 °C
26/08/2015 13:39,{ },{ok},36.9 °C
26/08/2015 13:39,{ },{ok},36.9 °C
26/08/2015 13:39,{ },{ok},36.9 °C
26/08/2015 13:39,{ },{ok},36.9 °C
26/08/2015 13:39,{ },{ok},36.9 °C
26/08/2015 13:39,{ },{ok},36.3 °C
26/08/2015 13:40,{ },{ok},36.3 °C
26/08/2015 13:40,{ },{ok},36.3 °C
26/08/2015 13:40,{ },{ok},36.3 °C
26/08/2015 13:40,{ },{ok},36.3 °C
26/08/2015 13:40,{ },{ok},36.3 °C
26/08/2015 13:40,{ },{ok},35.7 °C
26/08/2015 13:41,{ },{ok},35.7 °C
26/08/2015 13:41,{ },{ok},35.7 °C
26/08/2015 13:41,{ },{ok},35.7 °C
26/08/2015 13:41,{ },{ok},35.7 °C
26/08/2015 13:41,{ },{ok},35.7 °C
26/08/2015 13:41,{ },{ok},35.7 °C
26/08/2015 13:42,{ },{ok},35.0 °C
26/08/2015 13:42,{ },{ok},35.7 °C
26/08/2015 13:42,{ },{ok},35.0 °C
26/08/2015 13:42,{ },{ok},35.0 °C
26/08/2015 13:42,{ },{ok},35.0 °C
26/08/2015 13:42,{ },{ok},35.0 °C
26/08/2015 13:43,{ },{ok},34.4 °C
26/08/2015 13:43,{ },{ok},34.4 °C
26/08/2015 13:43,{ },{ok},34.4 °C
26/08/2015 13:43,{ },{ok},34.4 °C
26/08/2015 13:43,{ },{ok},34.4 °C
26/08/2015 13:43,{ },{ok},34.4 °C
26/08/2015 13:44,{ },{ok},34.4 °C
26/08/2015 13:44,{ },{ok},33.8 °C
26/08/2015 13:44,{ },{ok},34.4 °C
26/08/2015 13:44,{ },{ok},33.8 °C
26/08/2015 13:44,{ },{ok},34.4 °C
26/08/2015 13:44,{ },{ok},33.8 °C
26/08/2015 13:45,{ },{ok},34.4 °C
26/08/2015 13:45,{ },{ok},33.8 °C
26/08/2015 13:45,{ },{ok},33.1 °C
26/08/2015 13:45,{ },{ok},33.8 °C
26/08/2015 13:45,{ },{ok},33.8 °C
26/08/2015 13:45,{ },{ok},33.1 °C
26/08/2015 13:46,{ },{ok},33.1 °C
26/08/2015 13:46,{ },{ok},33.1 °C
26/08/2015 13:46,{ },{ok},33.1 °C
26/08/2015 13:46,{ },{ok},33.1 °C
26/08/2015 13:46,{ },{ok},33.1 °C
26/08/2015 13:46,{ },{ok},33.1 °C
26/08/2015 13:47,{ },{ok},33.1 °C
26/08/2015 13:47,{ },{ok},33.1 °C
26/08/2015 13:47,{ },{ok},32.5 °C
26/08/2015 13:47,{ },{ok},32.5 °C
26/08/2015 13:47,{ },{ok},32.5 °C
26/08/2015 13:47,{ },{ok},32.5 °C
26/08/2015 13:48,{ },{ok},32.5 °C
26/08/2015 13:48,{ },{ok},32.5 °C
26/08/2015 13:48,{ },{ok},32.5 °C
26/08/2015 13:48,{ },{ok},32.5 °C
26/08/2015 13:48,{ },{ok},32.5 °C
26/08/2015 13:48,{ },{ok},32.5 °C
26/08/2015 13:49,{ },{ok},31.8 °C
26/08/2015 13:49,{ },{ok},31.8 °C
26/08/2015 13:49,{ },{ok},31.8 °C
26/08/2015 13:49,{ },{ok},31.8 °C
26/08/2015 13:49,{ },{ok},31.8 °C
26/08/2015 13:49,{ },{ok},31.8 °C
26/08/2015 13:50,{ },{ok},31.8 °C
26/08/2015 13:50,{ },{ok},31.2 °C
26/08/2015 13:50,{ },{ok},31.2 °C
26/08/2015 13:50,{ },{ok},31.2 °C
26/08/2015 13:50,{ },{ok},31.2 °C
26/08/2015 13:50,{ },{ok},31.2 °C
26/08/2015 13:51,{ },{ok},31.2 °C
26/08/2015 13:51,{ },{ok},31.2 °C
26/08/2015 13:51,{ },{ok},31.2 °C
26/08/2015 13:51,{ },{ok},31.2 °C
26/08/2015 13:51,{ },{ok},31.2 °C
26/08/2015 13:51,{ },{ok},31.2 °C
26/08/2015 13:52,{ },{ok},31.2 °C
26/08/2015 13:52,{ },{ok},31.2 °C
26/08/2015 13:52,{ },{ok},30.6 °C
26/08/2015 13:52,{ },{ok},30.6 °C
26/08/2015 13:52,{ },{ok},30.6 °C
26/08/2015 13:52,{ },{ok},30.6 °C
26/08/2015 13:53,{ },{ok},30.6 °C
26/08/2015 13:53,{ },{ok},30.6 °C
26/08/2015 13:53,{ },{ok},30.6 °C
26/08/2015 13:53,{ },{ok},30.6 °C
26/08/2015 13:53,{ },{ok},30.6 °C
26/08/2015 13:53,{ },{ok},30.6 °C
26/08/2015 13:54,{ },{ok},30.6 °C
26/08/2015 13:54,{ },{ok},30.6 °C
26/08/2015 13:54,{ },{ok},30.6 °C
26/08/2015 13:54,{ },{ok},30.6 °C
26/08/2015 13:54,{ },{ok},30.6 °C
26/08/2015 13:54,{ },{ok},29.9 °C
26/08/2015 13:55,{ },{ok},30.6 °C
26/08/2015 13:55,{ },{ok},29.9 °C
26/08/2015 13:55,{ },{ok},29.9 °C
26/08/2015 13:55,{ },{ok},29.9 °C
26/08/2015 13:55,{ },{ok},29.9 °C
26/08/2015 13:55,{ },{ok},29.9 °C
26/08/2015 13:56,{ },{ok},29.9 °C
26/08/2015 13:56,{ },{ok},29.9 °C
26/08/2015 13:56,{ },{ok},29.9 °C
26/08/2015 13:56,{ },{ok},29.9 °C
26/08/2015 13:56,{ },{ok},29.9 °C
26/08/2015 13:56,{ },{ok},29.9 °C
26/08/2015 13:57,{ },{ok},29.9 °C
26/08/2015 13:57,{ },{ok},29.3 °C
26/08/2015 13:57,{ },{ok},29.3 °C
26/08/2015 13:57,{ },{ok},29.3 °C
26/08/2015 13:57,{ },{ok},29.3 °C
26/08/2015 13:57,{ },{ok},29.9 °C
26/08/2015 13:58,{ },{ok},29.3 °C
26/08/2015 13:58,{ },{ok},29.3 °C
26/08/2015 13:58,{ },{ok},29.3 °C
26/08/2015 13:58,{ },{ok},29.3 °C
26/08/2015 13:58,{ },{ok},29.3 °C
26/08/2015 13:58,{ },{ok},29.3 °C
26/08/2015 13:59,{ },{ok},29.3 °C
26/08/2015 13:59,{ },{ok},29.3 °C
26/08/2015 13:59,{ },{ok},29.3 °C
26/08/2015 13:59,{ },{ok},29.3 °C
26/08/2015 13:59,{ },{ok},29.3 °C
26/08/2015 13:59,{ },{ok},28.7 °C
26/08/2015 14:00,{ },{ok},29.3 °C
26/08/2015 14:00,{ },{ok},28.7 °C
26/08/2015 14:00,{ },{ok},28.7 °C
26/08/2015 14:00,{ },{ok},28.7 °C
26/08/2015 14:00,{ },{ok},28.7 °C
26/08/2015 14:00,{ },{ok},29.3 °C
26/08/2015 14:01,{ },{ok},28.7 °C
26/08/2015 14:01,{ },{ok},28.7 °C
26/08/2015 14:01,{ },{ok},28.7 °C
26/08/2015 14:01,{ },{ok},28.7 °C
26/08/2015 14:01,{ },{ok},28.7 °C
26/08/2015 14:01,{ },{ok},28.7 °C
26/08/2015 14:02,{ },{ok},28.7 °C
26/08/2015 14:02,{ },{ok},28.7 °C
26/08/2015 14:02,{ },{ok},28.7 °C
26/08/2015 14:02,{ },{ok},36.9 °C
26/08/2015 14:02,{ },{ok},63.6 °C
26/08/2015 14:02,{ },{ok},75.7 °C
26/08/2015 14:03,{ },{ok},87.8 °C
26/08/2015 14:03,{ },{ok},92.3 °C
26/08/2015 14:03,{ },{ok},96.7 °C
26/08/2015 14:03,{ },{ok},98.6 °C
26/08/2015 14:03,{ },{ok},99.2 °C
26/08/2015 14:03,{ },{ok},95.4 °C
26/08/2015 14:04,{ },{ok},90.3 °C
26/08/2015 14:04,{ },{ok},87.2 °C
26/08/2015 14:04,{ },{ok},82.1 °C
26/08/2015 14:04,{ },{ok},79.5 °C
26/08/2015 14:04,{ },{ok},75.7 °C
26/08/2015 14:04,{ },{ok},73.2 °C
26/08/2015 14:05,{ },{ok},69.4 °C
26/08/2015 14:05,{ },{ok},67.5 °C
26/08/2015 14:05,{ },{ok},64.9 °C
26/08/2015 14:05,{ },{ok},63.0 °C
26/08/2015 14:05,{ },{ok},60.5 °C
26/08/2015 14:05,{ },{ok},59.2 °C
26/08/2015 14:06,{ },{ok},57.3 °C
26/08/2015 14:06,{ },{ok},56.0 °C
26/08/2015 14:06,{ },{ok},54.7 °C
26/08/2015 14:06,{ },{ok},53.5 °C
26/08/2015 14:06,{ },{ok},52.2 °C
26/08/2015 14:06,{ },{ok},50.9 °C
26/08/2015 14:07,{ },{ok},50.3 °C
26/08/2015 14:07,{ },{ok},49.7 °C
26/08/2015 14:07,{ },{ok},48.4 °C
26/08/2015 14:07,{ },{ok},47.7 °C
26/08/2015 14:07,{ },{ok},47.1 °C
26/08/2015 14:07,{ },{ok},60.5 °C
26/08/2015 14:08,{ },{ok},78.9 °C
26/08/2015 14:08,{ },{ok},87.2 °C
26/08/2015 14:08,{ },{ok},92.9 °C
26/08/2015 14:08,{ },{ok},98.0 °C
26/08/2015 14:08,{ },{ok},99.9 °C
26/08/2015 14:08,{ },{ok},102.4 °C
26/08/2015 14:09,{ },{ok},103.1 °C
26/08/2015 14:09,{ },{ok},104.3 °C
26/08/2015 14:09,{ },{ok},104.3 °C
26/08/2015 14:09,{ },{ok},105.6 °C
26/08/2015 14:09,{ },{ok},105.6 °C
26/08/2015 14:09,{ },{ok},101.2 °C
26/08/2015 14:10,{ },{ok},98.0 °C
26/08/2015 14:10,{ },{ok},94.2 °C
26/08/2015 14:10,{ },{ok},91.0 °C
26/08/2015 14:10,{ },{ok},87.2 °C
26/08/2015 14:10,{ },{ok},84.6 °C
26/08/2015 14:10,{ },{ok},83.4 °C
26/08/2015 14:11,{ },{ok},80.2 °C
26/08/2015 14:11,{ },{ok},85.3 °C
26/08/2015 14:11,{ },{ok},93.5 °C
26/08/2015 14:11,{ },{ok},98.0 °C
26/08/2015 14:11,{ },{ok},101.8 °C
26/08/2015 14:11,{ },{ok},103.7 °C
26/08/2015 14:12,{ },{ok},105.6 °C
26/08/2015 14:12,{ },{ok},106.2 °C
26/08/2015 14:12,{ },{ok},106.9 °C
26/08/2015 14:12,{ },{ok},107.5 °C
26/08/2015 14:12,{ },{ok},108.2 °C
26/08/2015 14:12,{ },{ok},108.2 °C
26/08/2015 14:13,{ },{ok},108.8 °C
26/08/2015 14:13,{ },{ok},108.8 °C
26/08/2015 14:13,{ },{ok},109.4 °C
26/08/2015 14:13,{ },{ok},109.4 °C
26/08/2015 14:13,{ },{ok},109.4 °C
26/08/2015 14:13,{ },{ok},110.1 °C
26/08/2015 14:14,{ },{ok},110.1 °C
26/08/2015 14:14,{ },{ok},110.1 °C
26/08/2015 14:14,{ },{ok},110.7 °C
26/08/2015 14:14,{ },{ok},110.7 °C
26/08/2015 14:14,{ },{ok},110.7 °C
26/08/2015 14:14,{ },{ok},110.7 °C
26/08/2015 14:15,{ },{ok},111.3 °C
26/08/2015 14:15,{ },{ok},111.3 °C
26/08/2015 14:15,{ },{ok},111.3 °C
26/08/2015 14:15,{ },{ok},111.3 °C
26/08/2015 14:15,{ },{ok},112.0 °C
26/08/2015 14:15,{ },{ok},112.0 °C
26/08/2015 14:16,{ },{ok},112.0 °C
26/08/2015 14:16,{ },{ok},112.0 °C
26/08/2015 14:16,{ },{ok},112.0 °C
26/08/2015 14:16,{ },{ok},112.0 °C
26/08/2015 14:16,{ },{ok},112.6 °C
26/08/2015 14:16,{ },{ok},112.0 °C
26/08/2015 14:17,{ },{ok},106.9 °C
26/08/2015 14:17,{ },{ok},103.7 °C
26/08/2015 14:17,{ },{ok},99.9 °C
26/08/2015 14:17,{ },{ok},98.0 °C
26/08/2015 14:17,{ },{ok},94.2 °C
26/08/2015 14:17,{ },{ok},91.6 °C
26/08/2015 14:18,{ },{ok},89.1 °C
26/08/2015 14:18,{ },{ok},87.2 °C
26/08/2015 14:18,{ },{ok},85.3 °C
26/08/2015 14:18,{ },{ok},82.7 °C
26/08/2015 14:18,{ },{ok},80.8 °C
26/08/2015 14:18,{ },{ok},78.9 °C
26/08/2015 14:19,{ },{ok},77.6 °C
26/08/2015 14:19,{ },{ok},76.4 °C
26/08/2015 14:19,{ },{ok},75.1 °C
26/08/2015 14:19,{ },{ok},73.2 °C
26/08/2015 14:19,{ },{ok},72.5 °C
26/08/2015 14:19,{ },{ok},70.6 °C
26/08/2015 14:20,{ },{ok},70.0 °C
26/08/2015 14:20,{ },{ok},68.7 °C
26/08/2015 14:20,{ },{ok},68.1 °C
26/08/2015 14:20,{ },{ok},66.8 °C
26/08/2015 14:20,{ },{ok},66.8 °C
26/08/2015 14:20,{ },{ok},65.5 °C
26/08/2015 14:21,{ },{ok},64.9 °C
26/08/2015 14:21,{ },{ok},64.3 °C
26/08/2015 14:21,{ },{ok},63.6 °C
26/08/2015 14:21,{ },{ok},71.3 °C
26/08/2015 14:21,{ },{ok},82.7 °C
26/08/2015 14:21,{ },{ok},94.2 °C
26/08/2015 14:22,{ },{ok},99.2 °C
26/08/2015 14:22,{ },{ok},103.7 °C
26/08/2015 14:22,{ },{ok},105.6 °C
26/08/2015 14:22,{ },{ok},106.9 °C
26/08/2015 14:22,{ },{ok},108.2 °C
26/08/2015 14:22,{ },{ok},108.8 °C
26/08/2015 14:23,{ },{ok},109.4 °C
26/08/2015 14:23,{ },{ok},107.5 °C
26/08/2015 14:23,{ },{ok},102.4 °C
26/08/2015 14:23,{ },{ok},99.9 °C
26/08/2015 14:23,{ },{ok},96.1 °C
26/08/2015 14:23,{ },{ok},93.5 °C
26/08/2015 14:24,{ },{ok},90.3 °C
26/08/2015 14:24,{ },{ok},87.8 °C
26/08/2015 14:24,{ },{ok},85.3 °C
26/08/2015 14:24,{ },{ok},83.4 °C
26/08/2015 14:24,{ },{ok},80.2 °C
26/08/2015 14:24,{ },{ok},87.2 °C
26/08/2015 14:25,{ },{ok},96.7 °C
26/08/2015 14:25,{ },{ok},100.5 °C
26/08/2015 14:25,{ },{ok},105.0 °C
26/08/2015 14:25,{ },{ok},106.9 °C
26/08/2015 14:25,{ },{ok},107.5 °C
26/08/2015 14:25,{ },{ok},108.8 °C
26/08/2015 14:26,{ },{ok},109.4 °C
26/08/2015 14:26,{ },{ok},110.1 °C
26/08/2015 14:26,{ },{ok},110.7 °C
26/08/2015 14:26,{ },{ok},110.7 °C
26/08/2015 14:26,{ },{ok},111.3 °C
26/08/2015 14:26,{ },{ok},111.3 °C
26/08/2015 14:27,{ },{ok},111.3 °C
26/08/2015 14:27,{ },{ok},112.0 °C
26/08/2015 14:27,{ },{ok},112.0 °C
26/08/2015 14:27,{ },{ok},112.0 °C
26/08/2015 14:27,{ },{ok},112.0 °C
26/08/2015 14:27,{ },{ok},112.6 °C
26/08/2015 14:28,{ },{ok},112.6 °C
26/08/2015 14:28,{ },{ok},112.6 °C
26/08/2015 14:28,{ },{ok},112.6 °C
26/08/2015 14:28,{ },{ok},112.6 °C
26/08/2015 14:28,{ },{ok},112.6 °C
26/08/2015 14:28,{ },{ok},113.2 °C
26/08/2015 14:29,{ },{ok},113.2 °C
26/08/2015 14:29,{ },{ok},113.2 °C
26/08/2015 14:29,{ },{ok},113.2 °C
26/08/2015 14:29,{ },{ok},113.2 °C
26/08/2015 14:29,{ },{ok},113.2 °C
26/08/2015 14:29,{ },{ok},113.2 °C
26/08/2015 14:30,{ },{ok},108.8 °C
26/08/2015 14:30,{ },{ok},105.6 °C
26/08/2015 14:30,{ },{ok},101.8 °C
26/08/2015 14:30,{ },{ok},99.2 °C
26/08/2015 14:30,{ },{ok},96.1 °C
26/08/2015 14:30,{ },{ok},93.5 °C
26/08/2015 14:31,{ },{ok},90.3 °C
26/08/2015 14:31,{ },{ok},89.1 °C
26/08/2015 14:31,{ },{ok},85.9 °C
