Timestamp,Trend Flags,Status,Value (mbar)
26/08/2015 11:44,{ },{ok},-612.0 mbar
26/08/2015 11:44,{ },{ok},-620.0 mbar
26/08/2015 11:44,{ },{ok},-620.0 mbar
26/08/2015 11:44,{ },{ok},-620.0 mbar
26/08/2015 11:45,{ },{ok},-620.0 mbar
26/08/2015 11:45,{ },{ok},-620.0 mbar
26/08/2015 11:45,{ },{ok},-620.0 mbar
26/08/2015 11:45,{ },{ok},-620.0 mbar
26/08/2015 11:45,{ },{ok},-620.0 mbar
26/08/2015 11:45,{ },{ok},-620.0 mbar
26/08/2015 11:46,{ },{ok},-620.0 mbar
26/08/2015 11:46,{ },{ok},-620.0 mbar
26/08/2015 11:46,{ },{ok},-620.0 mbar
26/08/2015 11:46,{ },{ok},-620.0 mbar
26/08/2015 11:46,{ },{ok},-620.0 mbar
26/08/2015 11:46,{ },{ok},-620.0 mbar
26/08/2015 11:47,{ },{ok},-620.0 mbar
26/08/2015 11:47,{ },{ok},-620.0 mbar
26/08/2015 11:47,{ },{ok},-620.0 mbar
26/08/2015 11:47,{ },{ok},-620.0 mbar
26/08/2015 11:47,{ },{ok},-620.0 mbar
26/08/2015 11:47,{ },{ok},-620.0 mbar
26/08/2015 11:48,{ },{ok},-620.0 mbar
26/08/2015 11:48,{ },{ok},-620.0 mbar
26/08/2015 11:48,{ },{ok},-627.0 mbar
26/08/2015 11:48,{ },{ok},-620.0 mbar
26/08/2015 11:48,{ },{ok},-620.0 mbar
26/08/2015 11:48,{ },{ok},-620.0 mbar
26/08/2015 11:49,{ },{ok},-620.0 mbar
26/08/2015 11:49,{ },{ok},-620.0 mbar
26/08/2015 11:49,{ },{ok},-620.0 mbar
26/08/2015 11:49,{ },{ok},-620.0 mbar
26/08/2015 11:49,{ },{ok},-620.0 mbar
26/08/2015 11:49,{ },{ok},-305.0 mbar
26/08/2015 11:50,{ },{ok},32.0 mbar
26/08/2015 11:50,{ },{ok},17.0 mbar
26/08/2015 11:50,{ },{ok},17.0 mbar
26/08/2015 11:50,{ },{ok},17.0 mbar
26/08/2015 11:50,{ },{ok},17.0 mbar
26/08/2015 11:50,{ },{ok},17.0 mbar
26/08/2015 11:51,{ },{ok},17.0 mbar
26/08/2015 11:51,{ },{ok},17.0 mbar
26/08/2015 11:51,{ },{ok},17.0 mbar
26/08/2015 11:51,{ },{ok},17.0 mbar
26/08/2015 11:51,{ },{ok},17.0 mbar
26/08/2015 11:51,{ },{ok},17.0 mbar
26/08/2015 11:52,{ },{ok},10.0 mbar
26/08/2015 11:52,{ },{ok},17.0 mbar
26/08/2015 11:52,{ },{ok},17.0 mbar
26/08/2015 11:52,{ },{ok},17.0 mbar
26/08/2015 11:52,{ },{ok},17.0 mbar
26/08/2015 11:52,{ },{ok},10.0 mbar
26/08/2015 11:53,{ },{ok},17.0 mbar
26/08/2015 11:53,{ },{ok},17.0 mbar
26/08/2015 11:53,{ },{ok},10.0 mbar
26/08/2015 11:53,{ },{ok},17.0 mbar
26/08/2015 11:53,{ },{ok},10.0 mbar
26/08/2015 11:53,{ },{ok},10.0 mbar
26/08/2015 11:54,{ },{ok},17.0 mbar
26/08/2015 11:54,{ },{ok},10.0 mbar
26/08/2015 11:54,{ },{ok},17.0 mbar
26/08/2015 11:54,{ },{ok},17.0 mbar
26/08/2015 11:54,{ },{ok},10.0 mbar
26/08/2015 11:54,{ },{ok},17.0 mbar
26/08/2015 11:55,{ },{ok},10.0 mbar
26/08/2015 11:55,{ },{ok},10.0 mbar
26/08/2015 11:55,{ },{ok},17.0 mbar
26/08/2015 11:55,{ },{ok},10.0 mbar
26/08/2015 11:55,{ },{ok},10.0 mbar
26/08/2015 11:55,{ },{ok},10.0 mbar
26/08/2015 11:56,{ },{ok},17.0 mbar
26/08/2015 11:56,{ },{ok},10.0 mbar
26/08/2015 11:56,{ },{ok},17.0 mbar
26/08/2015 11:56,{ },{ok},10.0 mbar
26/08/2015 11:56,{ },{ok},10.0 mbar
26/08/2015 11:56,{ },{ok},10.0 mbar
26/08/2015 11:57,{ },{ok},10.0 mbar
26/08/2015 11:57,{ },{ok},10.0 mbar
26/08/2015 11:57,{ },{ok},10.0 mbar
26/08/2015 11:57,{ },{ok},10.0 mbar
26/08/2015 11:57,{ },{ok},10.0 mbar
26/08/2015 11:57,{ },{ok},17.0 mbar
26/08/2015 11:58,{ },{ok},10.0 mbar
26/08/2015 11:58,{ },{ok},-612.0 mbar
26/08/2015 11:58,{ },{ok},-620.0 mbar
26/08/2015 11:58,{ },{ok},-620.0 mbar
26/08/2015 11:58,{ },{ok},-627.0 mbar
26/08/2015 11:58,{ },{ok},-620.0 mbar
26/08/2015 11:59,{ },{ok},-620.0 mbar
26/08/2015 11:59,{ },{ok},-451.0 mbar
26/08/2015 11:59,{ },{ok},17.0 mbar
26/08/2015 11:59,{ },{ok},10.0 mbar
26/08/2015 11:59,{ },{ok},17.0 mbar
26/08/2015 11:59,{ },{ok},17.0 mbar
26/08/2015 12:00,{ },{ok},17.0 mbar
26/08/2015 12:00,{ },{ok},10.0 mbar
26/08/2015 12:00,{ },{ok},10.0 mbar
26/08/2015 12:00,{ },{ok},17.0 mbar
26/08/2015 12:00,{ },{ok},10.0 mbar
26/08/2015 12:00,{ },{ok},10.0 mbar
26/08/2015 12:01,{ },{ok},17.0 mbar
26/08/2015 12:01,{ },{ok},17.0 mbar
26/08/2015 12:01,{ },{ok},10.0 mbar
26/08/2015 12:01,{ },{ok},17.0 mbar
26/08/2015 12:01,{ },{ok},17.0 mbar
26/08/2015 12:01,{ },{ok},17.0 mbar
26/08/2015 12:02,{ },{ok},17.0 mbar
26/08/2015 12:02,{ },{ok},-620.0 mbar
26/08/2015 12:02,{ },{ok},-620.0 mbar
26/08/2015 12:02,{ },{ok},-620.0 mbar
26/08/2015 12:02,{ },{ok},-627.0 mbar
26/08/2015 12:02,{ },{ok},-620.0 mbar
26/08/2015 12:03,{ },{ok},-620.0 mbar
26/08/2015 12:03,{ },{ok},-620.0 mbar
26/08/2015 12:03,{ },{ok},-620.0 mbar
26/08/2015 12:03,{ },{ok},-620.0 mbar
26/08/2015 12:03,{ },{ok},-620.0 mbar
26/08/2015 12:03,{ },{ok},-620.0 mbar
26/08/2015 12:04,{ },{ok},-620.0 mbar
26/08/2015 12:04,{ },{ok},-620.0 mbar
26/08/2015 12:04,{ },{ok},-620.0 mbar
26/08/2015 12:04,{ },{ok},-620.0 mbar
26/08/2015 12:04,{ },{ok},-620.0 mbar
26/08/2015 12:04,{ },{ok},-620.0 mbar
26/08/2015 12:05,{ },{ok},-620.0 mbar
26/08/2015 12:05,{ },{ok},-620.0 mbar
26/08/2015 12:05,{ },{ok},-620.0 mbar
26/08/2015 12:05,{ },{ok},-620.0 mbar
26/08/2015 12:05,{ },{ok},-627.0 mbar
26/08/2015 12:05,{ },{ok},-583.0 mbar
26/08/2015 12:06,{ },{ok},24.0 mbar
26/08/2015 12:06,{ },{ok},17.0 mbar
26/08/2015 12:06,{ },{ok},17.0 mbar
26/08/2015 12:06,{ },{ok},17.0 mbar
26/08/2015 12:06,{ },{ok},17.0 mbar
26/08/2015 12:06,{ },{ok},17.0 mbar
26/08/2015 12:07,{ },{ok},17.0 mbar
26/08/2015 12:07,{ },{ok},17.0 mbar
26/08/2015 12:07,{ },{ok},17.0 mbar
26/08/2015 12:07,{ },{ok},17.0 mbar
26/08/2015 12:07,{ },{ok},17.0 mbar
26/08/2015 12:07,{ },{ok},17.0 mbar
26/08/2015 12:08,{ },{ok},17.0 mbar
26/08/2015 12:08,{ },{ok},17.0 mbar
26/08/2015 12:08,{ },{ok},10.0 mbar
26/08/2015 12:08,{ },{ok},17.0 mbar
26/08/2015 12:08,{ },{ok},10.0 mbar
26/08/2015 12:08,{ },{ok},17.0 mbar
26/08/2015 12:09,{ },{ok},10.0 mbar
26/08/2015 12:09,{ },{ok},17.0 mbar
26/08/2015 12:09,{ },{ok},17.0 mbar
26/08/2015 12:09,{ },{ok},17.0 mbar
26/08/2015 12:09,{ },{ok},10.0 mbar
26/08/2015 12:09,{ },{ok},17.0 mbar
26/08/2015 12:10,{ },{ok},10.0 mbar
26/08/2015 12:10,{ },{ok},10.0 mbar
26/08/2015 12:10,{ },{ok},17.0 mbar
26/08/2015 12:10,{ },{ok},17.0 mbar
26/08/2015 12:10,{ },{ok},10.0 mbar
26/08/2015 12:10,{ },{ok},17.0 mbar
26/08/2015 12:11,{ },{ok},17.0 mbar
26/08/2015 12:11,{ },{ok},10.0 mbar
26/08/2015 12:11,{ },{ok},10.0 mbar
26/08/2015 12:11,{ },{ok},10.0 mbar
26/08/2015 12:11,{ },{ok},10.0 mbar
26/08/2015 12:11,{ },{ok},10.0 mbar
26/08/2015 12:12,{ },{ok},17.0 mbar
26/08/2015 12:12,{ },{ok},10.0 mbar
26/08/2015 12:12,{ },{ok},17.0 mbar
26/08/2015 12:12,{ },{ok},10.0 mbar
26/08/2015 12:12,{ },{ok},17.0 mbar
26/08/2015 12:12,{ },{ok},10.0 mbar
26/08/2015 12:13,{ },{ok},-583.0 mbar
26/08/2015 12:13,{ },{ok},-620.0 mbar
26/08/2015 12:13,{ },{ok},-627.0 mbar
26/08/2015 12:13,{ },{ok},-620.0 mbar
26/08/2015 12:13,{ },{ok},-620.0 mbar
26/08/2015 12:13,{ },{ok},24.0 mbar
26/08/2015 12:14,{ },{ok},17.0 mbar
26/08/2015 12:14,{ },{ok},17.0 mbar
26/08/2015 12:14,{ },{ok},17.0 mbar
26/08/2015 12:14,{ },{ok},17.0 mbar
26/08/2015 12:14,{ },{ok},10.0 mbar
26/08/2015 12:14,{ },{ok},17.0 mbar
26/08/2015 12:15,{ },{ok},10.0 mbar
26/08/2015 12:15,{ },{ok},17.0 mbar
26/08/2015 12:15,{ },{ok},17.0 mbar
26/08/2015 12:15,{ },{ok},17.0 mbar
26/08/2015 12:15,{ },{ok},10.0 mbar
26/08/2015 12:15,{ },{ok},17.0 mbar
26/08/2015 12:16,{ },{ok},17.0 mbar
26/08/2015 12:16,{ },{ok},17.0 mbar
26/08/2015 12:16,{ },{ok},-620.0 mbar
26/08/2015 12:16,{ },{ok},-620.0 mbar
26/08/2015 12:16,{ },{ok},-620.0 mbar
26/08/2015 12:16,{ },{ok},-620.0 mbar
26/08/2015 12:17,{ },{ok},-620.0 mbar
26/08/2015 12:17,{ },{ok},-620.0 mbar
26/08/2015 12:17,{ },{ok},-620.0 mbar
26/08/2015 12:17,{ },{ok},-620.0 mbar
26/08/2015 12:17,{ },{ok},-620.0 mbar
26/08/2015 12:17,{ },{ok},-620.0 mbar
26/08/2015 12:18,{ },{ok},-620.0 mbar
26/08/2015 12:18,{ },{ok},-620.0 mbar
26/08/2015 12:18,{ },{ok},-620.0 mbar
26/08/2015 12:18,{ },{ok},-620.0 mbar
26/08/2015 12:18,{ },{ok},-620.0 mbar
26/08/2015 12:18,{ },{ok},-620.0 mbar
26/08/2015 12:19,{ },{ok},-612.0 mbar
26/08/2015 12:19,{ },{ok},-620.0 mbar
26/08/2015 12:19,{ },{ok},-620.0 mbar
26/08/2015 12:19,{ },{ok},-620.0 mbar
26/08/2015 12:19,{ },{ok},-620.0 mbar
26/08/2015 12:19,{ },{ok},24.0 mbar
26/08/2015 12:20,{ },{ok},17.0 mbar
26/08/2015 12:20,{ },{ok},17.0 mbar
26/08/2015 12:20,{ },{ok},17.0 mbar
26/08/2015 12:20,{ },{ok},17.0 mbar
26/08/2015 12:20,{ },{ok},17.0 mbar
26/08/2015 12:20,{ },{ok},17.0 mbar
26/08/2015 12:21,{ },{ok},17.0 mbar
26/08/2015 12:21,{ },{ok},17.0 mbar
26/08/2015 12:21,{ },{ok},17.0 mbar
26/08/2015 12:21,{ },{ok},10.0 mbar
26/08/2015 12:21,{ },{ok},17.0 mbar
26/08/2015 12:21,{ },{ok},17.0 mbar
26/08/2015 12:22,{ },{ok},17.0 mbar
26/08/2015 12:22,{ },{ok},17.0 mbar
26/08/2015 12:22,{ },{ok},17.0 mbar
26/08/2015 12:22,{ },{ok},17.0 mbar
26/08/2015 12:22,{ },{ok},10.0 mbar
26/08/2015 12:22,{ },{ok},10.0 mbar
26/08/2015 12:23,{ },{ok},17.0 mbar
26/08/2015 12:23,{ },{ok},10.0 mbar
26/08/2015 12:23,{ },{ok},17.0 mbar
26/08/2015 12:23,{ },{ok},10.0 mbar
26/08/2015 12:23,{ },{ok},17.0 mbar
26/08/2015 12:23,{ },{ok},17.0 mbar
26/08/2015 12:24,{ },{ok},10.0 mbar
26/08/2015 12:24,{ },{ok},10.0 mbar
26/08/2015 12:24,{ },{ok},10.0 mbar
26/08/2015 12:24,{ },{ok},17.0 mbar
26/08/2015 12:24,{ },{ok},17.0 mbar
26/08/2015 12:24,{ },{ok},10.0 mbar
26/08/2015 12:25,{ },{ok},10.0 mbar
26/08/2015 12:25,{ },{ok},10.0 mbar
26/08/2015 12:25,{ },{ok},10.0 mbar
26/08/2015 12:25,{ },{ok},17.0 mbar
26/08/2015 12:25,{ },{ok},10.0 mbar
26/08/2015 12:25,{ },{ok},10.0 mbar
26/08/2015 12:26,{ },{ok},10.0 mbar
26/08/2015 12:26,{ },{ok},10.0 mbar
26/08/2015 12:26,{ },{ok},10.0 mbar
26/08/2015 12:26,{ },{ok},10.0 mbar
26/08/2015 12:26,{ },{ok},10.0 mbar
26/08/2015 12:26,{ },{ok},17.0 mbar
26/08/2015 12:27,{ },{ok},10.0 mbar
26/08/2015 12:27,{ },{ok},10.0 mbar
26/08/2015 12:27,{ },{ok},17.0 mbar
26/08/2015 12:27,{ },{ok},10.0 mbar
26/08/2015 12:27,{ },{ok},10.0 mbar
26/08/2015 12:27,{ },{ok},10.0 mbar
26/08/2015 12:28,{ },{ok},10.0 mbar
26/08/2015 12:28,{ },{ok},10.0 mbar
26/08/2015 12:28,{ },{ok},17.0 mbar
26/08/2015 12:28,{ },{ok},10.0 mbar
26/08/2015 12:28,{ },{ok},10.0 mbar
26/08/2015 12:28,{ },{ok},-620.0 mbar
26/08/2015 12:29,{ },{ok},-627.0 mbar
26/08/2015 12:29,{ },{ok},-620.0 mbar
26/08/2015 12:29,{ },{ok},-612.0 mbar
26/08/2015 12:29,{ },{ok},10.0 mbar
26/08/2015 12:29,{ },{ok},10.0 mbar
26/08/2015 12:29,{ },{ok},10.0 mbar
26/08/2015 12:30,{ },{ok},10.0 mbar
26/08/2015 12:30,{ },{ok},17.0 mbar
26/08/2015 12:30,{ },{ok},17.0 mbar
26/08/2015 12:30,{ },{ok},-590.0 mbar
26/08/2015 12:30,{ },{ok},-620.0 mbar
26/08/2015 12:30,{ },{ok},-620.0 mbar
26/08/2015 12:31,{ },{ok},-627.0 mbar
26/08/2015 12:31,{ },{ok},-627.0 mbar
26/08/2015 12:31,{ },{ok},-627.0 mbar
26/08/2015 12:31,{ },{ok},-620.0 mbar
26/08/2015 12:31,{ },{ok},-620.0 mbar
26/08/2015 12:31,{ },{ok},-620.0 mbar
26/08/2015 12:32,{ },{ok},-620.0 mbar
26/08/2015 12:32,{ },{ok},-620.0 mbar
26/08/2015 12:32,{ },{ok},-620.0 mbar
26/08/2015 12:32,{ },{ok},-620.0 mbar
26/08/2015 12:32,{ },{ok},-620.0 mbar
26/08/2015 12:32,{ },{ok},-620.0 mbar
26/08/2015 12:33,{ },{ok},-620.0 mbar
26/08/2015 12:33,{ },{ok},-620.0 mbar
26/08/2015 12:33,{ },{ok},-620.0 mbar
26/08/2015 12:33,{ },{ok},-620.0 mbar
26/08/2015 12:33,{ },{ok},-620.0 mbar
26/08/2015 12:33,{ },{ok},-627.0 mbar
26/08/2015 12:34,{ },{ok},-620.0 mbar
26/08/2015 12:34,{ },{ok},-620.0 mbar
26/08/2015 12:34,{ },{ok},-612.0 mbar
26/08/2015 12:34,{ },{ok},-620.0 mbar
26/08/2015 12:34,{ },{ok},-620.0 mbar
26/08/2015 12:34,{ },{ok},-620.0 mbar
26/08/2015 12:35,{ },{ok},-620.0 mbar
26/08/2015 12:35,{ },{ok},-583.0 mbar
26/08/2015 12:35,{ },{ok},17.0 mbar
26/08/2015 12:35,{ },{ok},17.0 mbar
26/08/2015 12:35,{ },{ok},17.0 mbar
26/08/2015 12:35,{ },{ok},17.0 mbar
26/08/2015 12:36,{ },{ok},17.0 mbar
26/08/2015 12:36,{ },{ok},17.0 mbar
26/08/2015 12:36,{ },{ok},17.0 mbar
26/08/2015 12:36,{ },{ok},17.0 mbar
26/08/2015 12:36,{ },{ok},17.0 mbar
26/08/2015 12:36,{ },{ok},17.0 mbar
26/08/2015 12:37,{ },{ok},10.0 mbar
26/08/2015 12:37,{ },{ok},17.0 mbar
26/08/2015 12:37,{ },{ok},17.0 mbar
26/08/2015 12:37,{ },{ok},17.0 mbar
26/08/2015 12:37,{ },{ok},10.0 mbar
26/08/2015 12:37,{ },{ok},17.0 mbar
26/08/2015 12:38,{ },{ok},10.0 mbar
26/08/2015 12:38,{ },{ok},17.0 mbar
26/08/2015 12:38,{ },{ok},10.0 mbar
26/08/2015 12:38,{ },{ok},10.0 mbar
26/08/2015 12:38,{ },{ok},10.0 mbar
26/08/2015 12:38,{ },{ok},10.0 mbar
26/08/2015 12:39,{ },{ok},17.0 mbar
26/08/2015 12:39,{ },{ok},10.0 mbar
26/08/2015 12:39,{ },{ok},17.0 mbar
26/08/2015 12:39,{ },{ok},10.0 mbar
26/08/2015 12:39,{ },{ok},17.0 mbar
26/08/2015 12:39,{ },{ok},17.0 mbar
26/08/2015 12:40,{ },{ok},10.0 mbar
26/08/2015 12:40,{ },{ok},-612.0 mbar
26/08/2015 12:40,{ },{ok},-620.0 mbar
26/08/2015 12:40,{ },{ok},-620.0 mbar
26/08/2015 12:40,{ },{ok},-620.0 mbar
26/08/2015 12:40,{ },{ok},-620.0 mbar
26/08/2015 12:41,{ },{ok},-620.0 mbar
26/08/2015 12:41,{ },{ok},-620.0 mbar
26/08/2015 12:41,{ },{ok},-620.0 mbar
26/08/2015 12:41,{ },{ok},-620.0 mbar
26/08/2015 12:41,{ },{ok},-620.0 mbar
26/08/2015 12:41,{ },{ok},-620.0 mbar
26/08/2015 12:42,{ },{ok},-620.0 mbar
26/08/2015 12:42,{ },{ok},-620.0 mbar
26/08/2015 12:42,{ },{ok},-620.0 mbar
26/08/2015 12:42,{ },{ok},-620.0 mbar
26/08/2015 12:42,{ },{ok},-620.0 mbar
26/08/2015 12:42,{ },{ok},-620.0 mbar
26/08/2015 12:43,{ },{ok},-620.0 mbar
26/08/2015 12:43,{ },{ok},-620.0 mbar
26/08/2015 12:43,{ },{ok},-620.0 mbar
26/08/2015 12:43,{ },{ok},-620.0 mbar
26/08/2015 12:43,{ },{ok},-620.0 mbar
26/08/2015 12:43,{ },{ok},-627.0 mbar
26/08/2015 12:44,{ },{ok},-620.0 mbar
26/08/2015 12:44,{ },{ok},-620.0 mbar
26/08/2015 12:44,{ },{ok},-620.0 mbar
26/08/2015 12:44,{ },{ok},-620.0 mbar
26/08/2015 12:44,{ },{ok},-620.0 mbar
26/08/2015 12:44,{ },{ok},-620.0 mbar
26/08/2015 12:45,{ },{ok},-627.0 mbar
26/08/2015 12:45,{ },{ok},-620.0 mbar
26/08/2015 12:45,{ },{ok},-620.0 mbar
26/08/2015 12:45,{ },{ok},-620.0 mbar
26/08/2015 12:45,{ },{ok},-620.0 mbar
26/08/2015 12:45,{ },{ok},-620.0 mbar
26/08/2015 12:46,{ },{ok},-620.0 mbar
26/08/2015 12:46,{ },{ok},-620.0 mbar
26/08/2015 12:46,{ },{ok},2073.0 mbar
26/08/2015 12:46,{ },{ok},-605.0 mbar
26/08/2015 12:46,{ },{ok},-612.0 mbar
26/08/2015 12:46,{ },{ok},-620.0 mbar
26/08/2015 12:47,{ },{ok},-627.0 mbar
26/08/2015 12:47,{ },{ok},-627.0 mbar
26/08/2015 12:47,{ },{ok},-620.0 mbar
26/08/2015 12:47,{ },{ok},-627.0 mbar
26/08/2015 12:47,{ },{ok},1546.0 mbar
26/08/2015 12:47,{ },{ok},-612.0 mbar
26/08/2015 12:48,{ },{ok},-634.0 mbar
26/08/2015 12:48,{ },{ok},-627.0 mbar
26/08/2015 12:48,{ },{ok},-620.0 mbar
26/08/2015 12:48,{ },{ok},-627.0 mbar
26/08/2015 12:48,{ },{ok},-620.0 mbar
26/08/2015 12:48,{ },{ok},1524.0 mbar
26/08/2015 12:49,{ },{ok},-466.0 mbar
26/08/2015 12:49,{ },{ok},-612.0 mbar
26/08/2015 12:49,{ },{ok},-627.0 mbar
26/08/2015 12:49,{ },{ok},-627.0 mbar
26/08/2015 12:49,{ },{ok},-627.0 mbar
26/08/2015 12:49,{ },{ok},-627.0 mbar
26/08/2015 12:50,{ },{ok},-620.0 mbar
26/08/2015 12:50,{ },{ok},-283.0 mbar
26/08/2015 12:50,{ },{ok},215.0 mbar
26/08/2015 12:50,{ },{ok},-612.0 mbar
26/08/2015 12:50,{ },{ok},-620.0 mbar
26/08/2015 12:50,{ },{ok},-620.0 mbar
26/08/2015 12:51,{ },{ok},17.0 mbar
26/08/2015 12:51,{ },{ok},17.0 mbar
26/08/2015 12:51,{ },{ok},17.0 mbar
26/08/2015 12:51,{ },{ok},10.0 mbar
26/08/2015 12:51,{ },{ok},17.0 mbar
26/08/2015 12:51,{ },{ok},10.0 mbar
26/08/2015 12:52,{ },{ok},10.0 mbar
26/08/2015 12:52,{ },{ok},17.0 mbar
26/08/2015 12:52,{ },{ok},17.0 mbar
26/08/2015 12:52,{ },{ok},10.0 mbar
26/08/2015 12:52,{ },{ok},17.0 mbar
26/08/2015 12:52,{ },{ok},10.0 mbar
26/08/2015 12:53,{ },{ok},10.0 mbar
26/08/2015 12:53,{ },{ok},17.0 mbar
26/08/2015 12:53,{ },{ok},17.0 mbar
26/08/2015 12:53,{ },{ok},17.0 mbar
26/08/2015 12:53,{ },{ok},17.0 mbar
26/08/2015 12:53,{ },{ok},10.0 mbar
26/08/2015 12:54,{ },{ok},10.0 mbar
26/08/2015 12:54,{ },{ok},17.0 mbar
26/08/2015 12:54,{ },{ok},10.0 mbar
26/08/2015 12:54,{ },{ok},10.0 mbar
26/08/2015 12:54,{ },{ok},10.0 mbar
26/08/2015 12:54,{ },{ok},17.0 mbar
26/08/2015 12:55,{ },{ok},17.0 mbar
26/08/2015 12:55,{ },{ok},17.0 mbar
26/08/2015 12:55,{ },{ok},10.0 mbar
26/08/2015 12:55,{ },{ok},10.0 mbar
26/08/2015 12:55,{ },{ok},17.0 mbar
26/08/2015 12:55,{ },{ok},10.0 mbar
26/08/2015 12:56,{ },{ok},10.0 mbar
26/08/2015 12:56,{ },{ok},10.0 mbar
26/08/2015 12:56,{ },{ok},10.0 mbar
26/08/2015 12:56,{ },{ok},17.0 mbar
26/08/2015 12:56,{ },{ok},10.0 mbar
26/08/2015 12:56,{ },{ok},17.0 mbar
26/08/2015 12:57,{ },{ok},10.0 mbar
26/08/2015 12:57,{ },{ok},10.0 mbar
26/08/2015 12:57,{ },{ok},10.0 mbar
26/08/2015 12:57,{ },{ok},17.0 mbar
26/08/2015 12:57,{ },{ok},10.0 mbar
26/08/2015 12:57,{ },{ok},10.0 mbar
26/08/2015 12:58,{ },{ok},10.0 mbar
26/08/2015 12:58,{ },{ok},10.0 mbar
26/08/2015 12:58,{ },{ok},10.0 mbar
26/08/2015 12:58,{ },{ok},10.0 mbar
26/08/2015 12:58,{ },{ok},17.0 mbar
26/08/2015 12:58,{ },{ok},10.0 mbar
26/08/2015 12:59,{ },{ok},17.0 mbar
26/08/2015 12:59,{ },{ok},10.0 mbar
26/08/2015 12:59,{ },{ok},10.0 mbar
26/08/2015 12:59,{ },{ok},10.0 mbar
26/08/2015 12:59,{ },{ok},10.0 mbar
26/08/2015 12:59,{ },{ok},10.0 mbar
26/08/2015 13:00,{ },{ok},10.0 mbar
26/08/2015 13:00,{ },{ok},10.0 mbar
26/08/2015 13:00,{ },{ok},10.0 mbar
26/08/2015 13:00,{ },{ok},10.0 mbar
26/08/2015 13:00,{ },{ok},10.0 mbar
26/08/2015 13:00,{ },{ok},10.0 mbar
26/08/2015 13:01,{ },{ok},10.0 mbar
26/08/2015 13:01,{ },{ok},-400.0 mbar
26/08/2015 13:01,{ },{ok},-620.0 mbar
26/08/2015 13:01,{ },{ok},-620.0 mbar
26/08/2015 13:01,{ },{ok},-627.0 mbar
26/08/2015 13:01,{ },{ok},-620.0 mbar
26/08/2015 13:02,{ },{ok},-620.0 mbar
26/08/2015 13:02,{ },{ok},-620.0 mbar
26/08/2015 13:02,{ },{ok},-627.0 mbar
26/08/2015 13:02,{ },{ok},-612.0 mbar
26/08/2015 13:02,{ },{ok},-620.0 mbar
26/08/2015 13:02,{ },{ok},-620.0 mbar
26/08/2015 13:03,{ },{ok},-620.0 mbar
26/08/2015 13:03,{ },{ok},-620.0 mbar
26/08/2015 13:03,{ },{ok},-620.0 mbar
26/08/2015 13:03,{ },{ok},-620.0 mbar
26/08/2015 13:03,{ },{ok},-620.0 mbar
26/08/2015 13:03,{ },{ok},-620.0 mbar
26/08/2015 13:04,{ },{ok},-620.0 mbar
26/08/2015 13:04,{ },{ok},-620.0 mbar
26/08/2015 13:04,{ },{ok},-620.0 mbar
26/08/2015 13:04,{ },{ok},-620.0 mbar
26/08/2015 13:04,{ },{ok},-612.0 mbar
26/08/2015 13:04,{ },{ok},-620.0 mbar
26/08/2015 13:05,{ },{ok},-620.0 mbar
26/08/2015 13:05,{ },{ok},-620.0 mbar
26/08/2015 13:05,{ },{ok},-612.0 mbar
26/08/2015 13:05,{ },{ok},-620.0 mbar
26/08/2015 13:05,{ },{ok},-620.0 mbar
26/08/2015 13:05,{ },{ok},-620.0 mbar
26/08/2015 13:06,{ },{ok},-620.0 mbar
26/08/2015 13:06,{ },{ok},-620.0 mbar
26/08/2015 13:06,{ },{ok},-620.0 mbar
26/08/2015 13:06,{ },{ok},-620.0 mbar
26/08/2015 13:06,{ },{ok},-620.0 mbar
26/08/2015 13:06,{ },{ok},-620.0 mbar
26/08/2015 13:07,{ },{ok},-620.0 mbar
26/08/2015 13:07,{ },{ok},-620.0 mbar
26/08/2015 13:07,{ },{ok},-620.0 mbar
26/08/2015 13:07,{ },{ok},-620.0 mbar
26/08/2015 13:07,{ },{ok},-517.0 mbar
26/08/2015 13:07,{ },{ok},17.0 mbar
26/08/2015 13:08,{ },{ok},17.0 mbar
26/08/2015 13:08,{ },{ok},17.0 mbar
26/08/2015 13:08,{ },{ok},17.0 mbar
26/08/2015 13:08,{ },{ok},17.0 mbar
26/08/2015 13:08,{ },{ok},17.0 mbar
26/08/2015 13:08,{ },{ok},17.0 mbar
26/08/2015 13:09,{ },{ok},17.0 mbar
26/08/2015 13:09,{ },{ok},17.0 mbar
26/08/2015 13:09,{ },{ok},17.0 mbar
26/08/2015 13:09,{ },{ok},17.0 mbar
26/08/2015 13:09,{ },{ok},17.0 mbar
26/08/2015 13:09,{ },{ok},17.0 mbar
26/08/2015 13:10,{ },{ok},17.0 mbar
26/08/2015 13:10,{ },{ok},17.0 mbar
26/08/2015 13:10,{ },{ok},17.0 mbar
26/08/2015 13:10,{ },{ok},10.0 mbar
26/08/2015 13:10,{ },{ok},17.0 mbar
26/08/2015 13:10,{ },{ok},17.0 mbar
26/08/2015 13:11,{ },{ok},17.0 mbar
26/08/2015 13:11,{ },{ok},17.0 mbar
26/08/2015 13:11,{ },{ok},17.0 mbar
26/08/2015 13:11,{ },{ok},17.0 mbar
26/08/2015 13:11,{ },{ok},17.0 mbar
26/08/2015 13:11,{ },{ok},17.0 mbar
26/08/2015 13:12,{ },{ok},17.0 mbar
26/08/2015 13:12,{ },{ok},17.0 mbar
26/08/2015 13:12,{ },{ok},17.0 mbar
26/08/2015 13:12,{ },{ok},10.0 mbar
26/08/2015 13:12,{ },{ok},10.0 mbar
26/08/2015 13:12,{ },{ok},17.0 mbar
26/08/2015 13:13,{ },{ok},10.0 mbar
26/08/2015 13:13,{ },{ok},17.0 mbar
26/08/2015 13:13,{ },{ok},10.0 mbar
26/08/2015 13:13,{ },{ok},17.0 mbar
26/08/2015 13:13,{ },{ok},10.0 mbar
26/08/2015 13:13,{ },{ok},10.0 mbar
26/08/2015 13:14,{ },{ok},10.0 mbar
26/08/2015 13:14,{ },{ok},17.0 mbar
26/08/2015 13:14,{ },{ok},10.0 mbar
26/08/2015 13:14,{ },{ok},10.0 mbar
26/08/2015 13:14,{ },{ok},10.0 mbar
26/08/2015 13:14,{ },{ok},17.0 mbar
26/08/2015 13:15,{ },{ok},10.0 mbar
26/08/2015 13:15,{ },{ok},10.0 mbar
26/08/2015 13:15,{ },{ok},10.0 mbar
26/08/2015 13:15,{ },{ok},10.0 mbar
26/08/2015 13:15,{ },{ok},17.0 mbar
26/08/2015 13:15,{ },{ok},10.0 mbar
26/08/2015 13:16,{ },{ok},10.0 mbar
26/08/2015 13:16,{ },{ok},10.0 mbar
26/08/2015 13:16,{ },{ok},10.0 mbar
26/08/2015 13:16,{ },{ok},10.0 mbar
26/08/2015 13:16,{ },{ok},10.0 mbar
26/08/2015 13:16,{ },{ok},10.0 mbar
26/08/2015 13:17,{ },{ok},10.0 mbar
26/08/2015 13:17,{ },{ok},10.0 mbar
26/08/2015 13:17,{ },{ok},10.0 mbar
26/08/2015 13:17,{ },{ok},-620.0 mbar
26/08/2015 13:17,{ },{ok},-620.0 mbar
26/08/2015 13:17,{ },{ok},-620.0 mbar
26/08/2015 13:18,{ },{ok},-620.0 mbar
26/08/2015 13:18,{ },{ok},-620.0 mbar
26/08/2015 13:18,{ },{ok},-107.0 mbar
26/08/2015 13:18,{ },{ok},17.0 mbar
26/08/2015 13:18,{ },{ok},10.0 mbar
26/08/2015 13:18,{ },{ok},10.0 mbar
26/08/2015 13:19,{ },{ok},10.0 mbar
26/08/2015 13:19,{ },{ok},17.0 mbar
26/08/2015 13:19,{ },{ok},17.0 mbar
26/08/2015 13:19,{ },{ok},10.0 mbar
26/08/2015 13:19,{ },{ok},17.0 mbar
26/08/2015 13:19,{ },{ok},10.0 mbar
26/08/2015 13:20,{ },{ok},17.0 mbar
26/08/2015 13:20,{ },{ok},10.0 mbar
26/08/2015 13:20,{ },{ok},17.0 mbar
26/08/2015 13:20,{ },{ok},17.0 mbar
26/08/2015 13:20,{ },{ok},17.0 mbar
26/08/2015 13:20,{ },{ok},10.0 mbar
26/08/2015 13:21,{ },{ok},10.0 mbar
26/08/2015 13:21,{ },{ok},10.0 mbar
26/08/2015 13:21,{ },{ok},17.0 mbar
26/08/2015 13:21,{ },{ok},10.0 mbar
26/08/2015 13:21,{ },{ok},17.0 mbar
26/08/2015 13:21,{ },{ok},10.0 mbar
26/08/2015 13:22,{ },{ok},17.0 mbar
26/08/2015 13:22,{ },{ok},17.0 mbar
26/08/2015 13:22,{ },{ok},17.0 mbar
26/08/2015 13:22,{ },{ok},17.0 mbar
26/08/2015 13:22,{ },{ok},10.0 mbar
26/08/2015 13:22,{ },{ok},17.0 mbar
26/08/2015 13:23,{ },{ok},10.0 mbar
26/08/2015 13:23,{ },{ok},17.0 mbar
26/08/2015 13:23,{ },{ok},10.0 mbar
26/08/2015 13:23,{ },{ok},17.0 mbar
26/08/2015 13:23,{ },{ok},17.0 mbar
26/08/2015 13:23,{ },{ok},17.0 mbar
26/08/2015 13:24,{ },{ok},10.0 mbar
26/08/2015 13:24,{ },{ok},10.0 mbar
26/08/2015 13:24,{ },{ok},10.0 mbar
26/08/2015 13:24,{ },{ok},10.0 mbar
26/08/2015 13:24,{ },{ok},17.0 mbar
26/08/2015 13:24,{ },{ok},10.0 mbar
26/08/2015 13:25,{ },{ok},17.0 mbar
26/08/2015 13:25,{ },{ok},17.0 mbar
26/08/2015 13:25,{ },{ok},10.0 mbar
26/08/2015 13:25,{ },{ok},17.0 mbar
26/08/2015 13:25,{ },{ok},10.0 mbar
26/08/2015 13:25,{ },{ok},17.0 mbar
26/08/2015 13:26,{ },{ok},10.0 mbar
26/08/2015 13:26,{ },{ok},10.0 mbar
26/08/2015 13:26,{ },{ok},17.0 mbar
26/08/2015 13:26,{ },{ok},17.0 mbar
26/08/2015 13:26,{ },{ok},10.0 mbar
26/08/2015 13:26,{ },{ok},10.0 mbar
26/08/2015 13:27,{ },{ok},17.0 mbar
26/08/2015 13:27,{ },{ok},10.0 mbar
26/08/2015 13:27,{ },{ok},17.0 mbar
26/08/2015 13:27,{ },{ok},10.0 mbar
26/08/2015 13:27,{ },{ok},17.0 mbar
26/08/2015 13:27,{ },{ok},10.0 mbar
26/08/2015 13:28,{ },{ok},17.0 mbar
26/08/2015 13:28,{ },{ok},17.0 mbar
26/08/2015 13:28,{ },{ok},17.0 mbar
26/08/2015 13:28,{ },{ok},17.0 mbar
26/08/2015 13:28,{ },{ok},10.0 mbar
26/08/2015 13:28,{ },{ok},10.0 mbar
26/08/2015 13:29,{ },{ok},17.0 mbar
26/08/2015 13:29,{ },{ok},10.0 mbar
26/08/2015 13:29,{ },{ok},10.0 mbar
26/08/2015 13:29,{ },{ok},17.0 mbar
26/08/2015 13:29,{ },{ok},17.0 mbar
26/08/2015 13:29,{ },{ok},10.0 mbar
26/08/2015 13:30,{ },{ok},10.0 mbar
26/08/2015 13:30,{ },{ok},10.0 mbar
26/08/2015 13:30,{ },{ok},17.0 mbar
26/08/2015 13:30,{ },{ok},10.0 mbar
26/08/2015 13:30,{ },{ok},10.0 mbar
26/08/2015 13:30,{ },{ok},10.0 mbar
26/08/2015 13:31,{ },{ok},17.0 mbar
26/08/2015 13:31,{ },{ok},17.0 mbar
26/08/2015 13:31,{ },{ok},10.0 mbar
26/08/2015 13:31,{ },{ok},10.0 mbar
26/08/2015 13:31,{ },{ok},10.0 mbar
26/08/2015 13:31,{ },{ok},10.0 mbar
26/08/2015 13:32,{ },{ok},10.0 mbar
26/08/2015 13:32,{ },{ok},10.0 mbar
26/08/2015 13:32,{ },{ok},17.0 mbar
26/08/2015 13:32,{ },{ok},17.0 mbar
26/08/2015 13:32,{ },{ok},10.0 mbar
26/08/2015 13:32,{ },{ok},17.0 mbar
26/08/2015 13:33,{ },{ok},10.0 mbar
26/08/2015 13:33,{ },{ok},10.0 mbar
26/08/2015 13:33,{ },{ok},17.0 mbar
26/08/2015 13:33,{ },{ok},10.0 mbar
26/08/2015 13:33,{ },{ok},10.0 mbar
26/08/2015 13:33,{ },{ok},10.0 mbar
26/08/2015 13:34,{ },{ok},10.0 mbar
26/08/2015 13:34,{ },{ok},10.0 mbar
26/08/2015 13:34,{ },{ok},17.0 mbar
26/08/2015 13:34,{ },{ok},10.0 mbar
26/08/2015 13:34,{ },{ok},10.0 mbar
26/08/2015 13:34,{ },{ok},10.0 mbar
26/08/2015 13:35,{ },{ok},10.0 mbar
26/08/2015 13:35,{ },{ok},10.0 mbar
26/08/2015 13:35,{ },{ok},10.0 mbar
26/08/2015 13:35,{ },{ok},17.0 mbar
26/08/2015 13:35,{ },{ok},10.0 mbar
26/08/2015 13:35,{ },{ok},17.0 mbar
26/08/2015 13:36,{ },{ok},10.0 mbar
26/08/2015 13:36,{ },{ok},10.0 mbar
26/08/2015 13:36,{ },{ok},17.0 mbar
26/08/2015 13:36,{ },{ok},10.0 mbar
26/08/2015 13:36,{ },{ok},17.0 mbar
26/08/2015 13:36,{ },{ok},17.0 mbar
26/08/2015 13:37,{ },{ok},10.0 mbar
26/08/2015 13:37,{ },{ok},17.0 mbar
26/08/2015 13:37,{ },{ok},17.0 mbar
26/08/2015 13:37,{ },{ok},17.0 mbar
26/08/2015 13:37,{ },{ok},17.0 mbar
26/08/2015 13:37,{ },{ok},17.0 mbar
26/08/2015 13:38,{ },{ok},17.0 mbar
26/08/2015 13:38,{ },{ok},17.0 mbar
26/08/2015 13:38,{ },{ok},17.0 mbar
26/08/2015 13:38,{ },{ok},17.0 mbar
26/08/2015 13:38,{ },{ok},17.0 mbar
26/08/2015 13:38,{ },{ok},17.0 mbar
26/08/2015 13:39,{ },{ok},17.0 mbar
26/08/2015 13:39,{ },{ok},17.0 mbar
26/08/2015 13:39,{ },{ok},10.0 mbar
26/08/2015 13:39,{ },{ok},17.0 mbar
26/08/2015 13:39,{ },{ok},17.0 mbar
26/08/2015 13:39,{ },{ok},17.0 mbar
26/08/2015 13:40,{ },{ok},17.0 mbar
26/08/2015 13:40,{ },{ok},10.0 mbar
26/08/2015 13:40,{ },{ok},17.0 mbar
26/08/2015 13:40,{ },{ok},17.0 mbar
26/08/2015 13:40,{ },{ok},10.0 mbar
26/08/2015 13:40,{ },{ok},17.0 mbar
26/08/2015 13:41,{ },{ok},17.0 mbar
26/08/2015 13:41,{ },{ok},17.0 mbar
26/08/2015 13:41,{ },{ok},10.0 mbar
26/08/2015 13:41,{ },{ok},17.0 mbar
26/08/2015 13:41,{ },{ok},10.0 mbar
26/08/2015 13:41,{ },{ok},10.0 mbar
26/08/2015 13:42,{ },{ok},17.0 mbar
26/08/2015 13:42,{ },{ok},10.0 mbar
26/08/2015 13:42,{ },{ok},17.0 mbar
26/08/2015 13:42,{ },{ok},17.0 mbar
26/08/2015 13:42,{ },{ok},17.0 mbar
26/08/2015 13:42,{ },{ok},17.0 mbar
26/08/2015 13:43,{ },{ok},17.0 mbar
26/08/2015 13:43,{ },{ok},17.0 mbar
26/08/2015 13:43,{ },{ok},17.0 mbar
26/08/2015 13:43,{ },{ok},17.0 mbar
26/08/2015 13:43,{ },{ok},10.0 mbar
26/08/2015 13:43,{ },{ok},17.0 mbar
26/08/2015 13:44,{ },{ok},17.0 mbar
26/08/2015 13:44,{ },{ok},17.0 mbar
26/08/2015 13:44,{ },{ok},17.0 mbar
26/08/2015 13:44,{ },{ok},17.0 mbar
26/08/2015 13:44,{ },{ok},17.0 mbar
26/08/2015 13:44,{ },{ok},17.0 mbar
26/08/2015 13:45,{ },{ok},17.0 mbar
26/08/2015 13:45,{ },{ok},17.0 mbar
26/08/2015 13:45,{ },{ok},10.0 mbar
26/08/2015 13:45,{ },{ok},17.0 mbar
26/08/2015 13:45,{ },{ok},17.0 mbar
26/08/2015 13:45,{ },{ok},17.0 mbar
26/08/2015 13:46,{ },{ok},17.0 mbar
26/08/2015 13:46,{ },{ok},17.0 mbar
26/08/2015 13:46,{ },{ok},17.0 mbar
26/08/2015 13:46,{ },{ok},17.0 mbar
26/08/2015 13:46,{ },{ok},17.0 mbar
26/08/2015 13:46,{ },{ok},17.0 mbar
26/08/2015 13:47,{ },{ok},17.0 mbar
26/08/2015 13:47,{ },{ok},10.0 mbar
26/08/2015 13:47,{ },{ok},17.0 mbar
26/08/2015 13:47,{ },{ok},17.0 mbar
26/08/2015 13:47,{ },{ok},17.0 mbar
26/08/2015 13:47,{ },{ok},17.0 mbar
26/08/2015 13:48,{ },{ok},17.0 mbar
26/08/2015 13:48,{ },{ok},10.0 mbar
26/08/2015 13:48,{ },{ok},17.0 mbar
26/08/2015 13:48,{ },{ok},17.0 mbar
26/08/2015 13:48,{ },{ok},17.0 mbar
26/08/2015 13:48,{ },{ok},17.0 mbar
26/08/2015 13:49,{ },{ok},17.0 mbar
26/08/2015 13:49,{ },{ok},17.0 mbar
26/08/2015 13:49,{ },{ok},17.0 mbar
26/08/2015 13:49,{ },{ok},10.0 mbar
26/08/2015 13:49,{ },{ok},17.0 mbar
26/08/2015 13:49,{ },{ok},17.0 mbar
26/08/2015 13:50,{ },{ok},17.0 mbar
26/08/2015 13:50,{ },{ok},17.0 mbar
26/08/2015 13:50,{ },{ok},17.0 mbar
26/08/2015 13:50,{ },{ok},17.0 mbar
26/08/2015 13:50,{ },{ok},17.0 mbar
26/08/2015 13:50,{ },{ok},17.0 mbar
26/08/2015 13:51,{ },{ok},17.0 mbar
26/08/2015 13:51,{ },{ok},17.0 mbar
26/08/2015 13:51,{ },{ok},17.0 mbar
26/08/2015 13:51,{ },{ok},17.0 mbar
26/08/2015 13:51,{ },{ok},17.0 mbar
26/08/2015 13:51,{ },{ok},17.0 mbar
26/08/2015 13:52,{ },{ok},17.0 mbar
26/08/2015 13:52,{ },{ok},17.0 mbar
26/08/2015 13:52,{ },{ok},17.0 mbar
26/08/2015 13:52,{ },{ok},17.0 mbar
26/08/2015 13:52,{ },{ok},17.0 mbar
26/08/2015 13:52,{ },{ok},17.0 mbar
26/08/2015 13:53,{ },{ok},17.0 mbar
26/08/2015 13:53,{ },{ok},17.0 mbar
26/08/2015 13:53,{ },{ok},17.0 mbar
26/08/2015 13:53,{ },{ok},17.0 mbar
26/08/2015 13:53,{ },{ok},17.0 mbar
26/08/2015 13:53,{ },{ok},17.0 mbar
26/08/2015 13:54,{ },{ok},17.0 mbar
26/08/2015 13:54,{ },{ok},17.0 mbar
26/08/2015 13:54,{ },{ok},17.0 mbar
26/08/2015 13:54,{ },{ok},10.0 mbar
26/08/2015 13:54,{ },{ok},17.0 mbar
26/08/2015 13:54,{ },{ok},17.0 mbar
26/08/2015 13:55,{ },{ok},17.0 mbar
26/08/2015 13:55,{ },{ok},17.0 mbar
26/08/2015 13:55,{ },{ok},17.0 mbar
26/08/2015 13:55,{ },{ok},17.0 mbar
26/08/2015 13:55,{ },{ok},17.0 mbar
26/08/2015 13:55,{ },{ok},17.0 mbar
26/08/2015 13:56,{ },{ok},17.0 mbar
26/08/2015 13:56,{ },{ok},17.0 mbar
26/08/2015 13:56,{ },{ok},17.0 mbar
26/08/2015 13:56,{ },{ok},17.0 mbar
26/08/2015 13:56,{ },{ok},17.0 mbar
26/08/2015 13:56,{ },{ok},17.0 mbar
26/08/2015 13:57,{ },{ok},17.0 mbar
26/08/2015 13:57,{ },{ok},17.0 mbar
26/08/2015 13:57,{ },{ok},17.0 mbar
26/08/2015 13:57,{ },{ok},17.0 mbar
26/08/2015 13:57,{ },{ok},17.0 mbar
26/08/2015 13:57,{ },{ok},17.0 mbar
26/08/2015 13:58,{ },{ok},17.0 mbar
26/08/2015 13:58,{ },{ok},17.0 mbar
26/08/2015 13:58,{ },{ok},17.0 mbar
26/08/2015 13:58,{ },{ok},17.0 mbar
26/08/2015 13:58,{ },{ok},17.0 mbar
26/08/2015 13:58,{ },{ok},17.0 mbar
26/08/2015 13:59,{ },{ok},17.0 mbar
26/08/2015 13:59,{ },{ok},17.0 mbar
26/08/2015 13:59,{ },{ok},17.0 mbar
26/08/2015 13:59,{ },{ok},17.0 mbar
26/08/2015 13:59,{ },{ok},17.0 mbar
26/08/2015 13:59,{ },{ok},17.0 mbar
26/08/2015 14:00,{ },{ok},17.0 mbar
26/08/2015 14:00,{ },{ok},17.0 mbar
26/08/2015 14:00,{ },{ok},17.0 mbar
26/08/2015 14:00,{ },{ok},17.0 mbar
26/08/2015 14:00,{ },{ok},17.0 mbar
26/08/2015 14:00,{ },{ok},17.0 mbar
26/08/2015 14:01,{ },{ok},17.0 mbar
26/08/2015 14:01,{ },{ok},17.0 mbar
26/08/2015 14:01,{ },{ok},17.0 mbar
26/08/2015 14:01,{ },{ok},17.0 mbar
26/08/2015 14:01,{ },{ok},17.0 mbar
26/08/2015 14:01,{ },{ok},17.0 mbar
26/08/2015 14:02,{ },{ok},17.0 mbar
26/08/2015 14:02,{ },{ok},17.0 mbar
26/08/2015 14:02,{ },{ok},17.0 mbar
26/08/2015 14:02,{ },{ok},-612.0 mbar
26/08/2015 14:02,{ },{ok},-620.0 mbar
26/08/2015 14:02,{ },{ok},-612.0 mbar
26/08/2015 14:03,{ },{ok},-612.0 mbar
26/08/2015 14:03,{ },{ok},-612.0 mbar
26/08/2015 14:03,{ },{ok},-612.0 mbar
26/08/2015 14:03,{ },{ok},-620.0 mbar
26/08/2015 14:03,{ },{ok},54.0 mbar
26/08/2015 14:03,{ },{ok},17.0 mbar
26/08/2015 14:04,{ },{ok},17.0 mbar
26/08/2015 14:04,{ },{ok},17.0 mbar
26/08/2015 14:04,{ },{ok},17.0 mbar
26/08/2015 14:04,{ },{ok},17.0 mbar
26/08/2015 14:04,{ },{ok},17.0 mbar
26/08/2015 14:04,{ },{ok},17.0 mbar
26/08/2015 14:05,{ },{ok},24.0 mbar
26/08/2015 14:05,{ },{ok},24.0 mbar
26/08/2015 14:05,{ },{ok},17.0 mbar
26/08/2015 14:05,{ },{ok},17.0 mbar
26/08/2015 14:05,{ },{ok},17.0 mbar
26/08/2015 14:05,{ },{ok},17.0 mbar
26/08/2015 14:06,{ },{ok},17.0 mbar
26/08/2015 14:06,{ },{ok},17.0 mbar
26/08/2015 14:06,{ },{ok},17.0 mbar
26/08/2015 14:06,{ },{ok},17.0 mbar
26/08/2015 14:06,{ },{ok},17.0 mbar
26/08/2015 14:06,{ },{ok},17.0 mbar
26/08/2015 14:07,{ },{ok},17.0 mbar
26/08/2015 14:07,{ },{ok},17.0 mbar
26/08/2015 14:07,{ },{ok},17.0 mbar
26/08/2015 14:07,{ },{ok},17.0 mbar
26/08/2015 14:07,{ },{ok},-400.0 mbar
26/08/2015 14:07,{ },{ok},-612.0 mbar
26/08/2015 14:08,{ },{ok},-620.0 mbar
26/08/2015 14:08,{ },{ok},-620.0 mbar
26/08/2015 14:08,{ },{ok},-620.0 mbar
26/08/2015 14:08,{ },{ok},-612.0 mbar
26/08/2015 14:08,{ },{ok},-612.0 mbar
26/08/2015 14:08,{ },{ok},-612.0 mbar
26/08/2015 14:09,{ },{ok},-612.0 mbar
26/08/2015 14:09,{ },{ok},-612.0 mbar
26/08/2015 14:09,{ },{ok},-612.0 mbar
26/08/2015 14:09,{ },{ok},-612.0 mbar
26/08/2015 14:09,{ },{ok},-590.0 mbar
26/08/2015 14:09,{ },{ok},17.0 mbar
26/08/2015 14:10,{ },{ok},17.0 mbar
26/08/2015 14:10,{ },{ok},17.0 mbar
26/08/2015 14:10,{ },{ok},17.0 mbar
26/08/2015 14:10,{ },{ok},17.0 mbar
26/08/2015 14:10,{ },{ok},17.0 mbar
26/08/2015 14:10,{ },{ok},17.0 mbar
26/08/2015 14:11,{ },{ok},-612.0 mbar
26/08/2015 14:11,{ },{ok},-612.0 mbar
26/08/2015 14:11,{ },{ok},-612.0 mbar
26/08/2015 14:11,{ },{ok},-620.0 mbar
26/08/2015 14:11,{ },{ok},-612.0 mbar
26/08/2015 14:11,{ },{ok},-620.0 mbar
26/08/2015 14:12,{ },{ok},-612.0 mbar
26/08/2015 14:12,{ },{ok},-612.0 mbar
26/08/2015 14:12,{ },{ok},-620.0 mbar
26/08/2015 14:12,{ },{ok},-620.0 mbar
26/08/2015 14:12,{ },{ok},-620.0 mbar
26/08/2015 14:12,{ },{ok},-612.0 mbar
26/08/2015 14:13,{ },{ok},-620.0 mbar
26/08/2015 14:13,{ },{ok},-620.0 mbar
26/08/2015 14:13,{ },{ok},-620.0 mbar
26/08/2015 14:13,{ },{ok},-612.0 mbar
26/08/2015 14:13,{ },{ok},-620.0 mbar
26/08/2015 14:13,{ },{ok},-620.0 mbar
26/08/2015 14:14,{ },{ok},-612.0 mbar
26/08/2015 14:14,{ },{ok},-620.0 mbar
26/08/2015 14:14,{ },{ok},-620.0 mbar
26/08/2015 14:14,{ },{ok},-612.0 mbar
26/08/2015 14:14,{ },{ok},-612.0 mbar
26/08/2015 14:14,{ },{ok},-620.0 mbar
26/08/2015 14:15,{ },{ok},-612.0 mbar
26/08/2015 14:15,{ },{ok},-612.0 mbar
26/08/2015 14:15,{ },{ok},-612.0 mbar
26/08/2015 14:15,{ },{ok},-620.0 mbar
26/08/2015 14:15,{ },{ok},-620.0 mbar
26/08/2015 14:15,{ },{ok},-620.0 mbar
26/08/2015 14:16,{ },{ok},-612.0 mbar
26/08/2015 14:16,{ },{ok},-612.0 mbar
26/08/2015 14:16,{ },{ok},-620.0 mbar
26/08/2015 14:16,{ },{ok},-612.0 mbar
26/08/2015 14:16,{ },{ok},-612.0 mbar
26/08/2015 14:16,{ },{ok},-217.0 mbar
26/08/2015 14:17,{ },{ok},24.0 mbar
26/08/2015 14:17,{ },{ok},17.0 mbar
26/08/2015 14:17,{ },{ok},17.0 mbar
26/08/2015 14:17,{ },{ok},24.0 mbar
26/08/2015 14:17,{ },{ok},17.0 mbar
26/08/2015 14:17,{ },{ok},17.0 mbar
26/08/2015 14:18,{ },{ok},17.0 mbar
26/08/2015 14:18,{ },{ok},17.0 mbar
26/08/2015 14:18,{ },{ok},17.0 mbar
26/08/2015 14:18,{ },{ok},17.0 mbar
26/08/2015 14:18,{ },{ok},24.0 mbar
26/08/2015 14:18,{ },{ok},17.0 mbar
26/08/2015 14:19,{ },{ok},17.0 mbar
26/08/2015 14:19,{ },{ok},17.0 mbar
26/08/2015 14:19,{ },{ok},17.0 mbar
26/08/2015 14:19,{ },{ok},17.0 mbar
26/08/2015 14:19,{ },{ok},17.0 mbar
26/08/2015 14:19,{ },{ok},17.0 mbar
26/08/2015 14:20,{ },{ok},17.0 mbar
26/08/2015 14:20,{ },{ok},17.0 mbar
26/08/2015 14:20,{ },{ok},17.0 mbar
26/08/2015 14:20,{ },{ok},17.0 mbar
26/08/2015 14:20,{ },{ok},17.0 mbar
26/08/2015 14:20,{ },{ok},17.0 mbar
26/08/2015 14:21,{ },{ok},17.0 mbar
26/08/2015 14:21,{ },{ok},17.0 mbar
26/08/2015 14:21,{ },{ok},17.0 mbar
26/08/2015 14:21,{ },{ok},-620.0 mbar
26/08/2015 14:21,{ },{ok},-620.0 mbar
26/08/2015 14:21,{ },{ok},-620.0 mbar
26/08/2015 14:22,{ },{ok},-620.0 mbar
26/08/2015 14:22,{ },{ok},-620.0 mbar
26/08/2015 14:22,{ },{ok},-620.0 mbar
26/08/2015 14:22,{ },{ok},-620.0 mbar
26/08/2015 14:22,{ },{ok},-620.0 mbar
26/08/2015 14:22,{ },{ok},-620.0 mbar
26/08/2015 14:23,{ },{ok},-620.0 mbar
26/08/2015 14:23,{ },{ok},46.0 mbar
26/08/2015 14:23,{ },{ok},24.0 mbar
26/08/2015 14:23,{ },{ok},17.0 mbar
26/08/2015 14:23,{ },{ok},17.0 mbar
26/08/2015 14:23,{ },{ok},17.0 mbar
26/08/2015 14:24,{ },{ok},17.0 mbar
26/08/2015 14:24,{ },{ok},17.0 mbar
26/08/2015 14:24,{ },{ok},17.0 mbar
26/08/2015 14:24,{ },{ok},17.0 mbar
26/08/2015 14:24,{ },{ok},-378.0 mbar
26/08/2015 14:24,{ },{ok},-620.0 mbar
26/08/2015 14:25,{ },{ok},-620.0 mbar
26/08/2015 14:25,{ },{ok},-620.0 mbar
26/08/2015 14:25,{ },{ok},-620.0 mbar
26/08/2015 14:25,{ },{ok},-620.0 mbar
26/08/2015 14:25,{ },{ok},-620.0 mbar
26/08/2015 14:25,{ },{ok},-620.0 mbar
26/08/2015 14:26,{ },{ok},-620.0 mbar
26/08/2015 14:26,{ },{ok},-620.0 mbar
26/08/2015 14:26,{ },{ok},-620.0 mbar
26/08/2015 14:26,{ },{ok},-612.0 mbar
26/08/2015 14:26,{ },{ok},-620.0 mbar
26/08/2015 14:26,{ },{ok},-620.0 mbar
26/08/2015 14:27,{ },{ok},-620.0 mbar
26/08/2015 14:27,{ },{ok},-620.0 mbar
26/08/2015 14:27,{ },{ok},-620.0 mbar
26/08/2015 14:27,{ },{ok},-620.0 mbar
26/08/2015 14:27,{ },{ok},-620.0 mbar
26/08/2015 14:27,{ },{ok},-620.0 mbar
26/08/2015 14:28,{ },{ok},-620.0 mbar
26/08/2015 14:28,{ },{ok},-620.0 mbar
26/08/2015 14:28,{ },{ok},-620.0 mbar
26/08/2015 14:28,{ },{ok},-620.0 mbar
26/08/2015 14:28,{ },{ok},-620.0 mbar
26/08/2015 14:28,{ },{ok},-620.0 mbar
26/08/2015 14:29,{ },{ok},-620.0 mbar
26/08/2015 14:29,{ },{ok},-620.0 mbar
26/08/2015 14:29,{ },{ok},-620.0 mbar
26/08/2015 14:29,{ },{ok},-620.0 mbar
26/08/2015 14:29,{ },{ok},-612.0 mbar
26/08/2015 14:29,{ },{ok},-510.0 mbar
26/08/2015 14:30,{ },{ok},17.0 mbar
26/08/2015 14:30,{ },{ok},17.0 mbar
26/08/2015 14:30,{ },{ok},17.0 mbar
26/08/2015 14:30,{ },{ok},17.0 mbar
26/08/2015 14:30,{ },{ok},17.0 mbar
26/08/2015 14:30,{ },{ok},17.0 mbar
